-- MySQL dump 10.15  Distrib 10.0.28-MariaDB, for debian-linux-gnu (x86_64)
--
-- Host: localhost    Database: localhost
-- ------------------------------------------------------
-- Server version	10.0.28-MariaDB-0ubuntu0.16.04.1

/*!40101 SET @OLD_CHARACTER_SET_CLIENT=@@CHARACTER_SET_CLIENT */;
/*!40101 SET @OLD_CHARACTER_SET_RESULTS=@@CHARACTER_SET_RESULTS */;
/*!40101 SET @OLD_COLLATION_CONNECTION=@@COLLATION_CONNECTION */;
/*!40101 SET NAMES utf8mb4 */;
/*!40103 SET @OLD_TIME_ZONE=@@TIME_ZONE */;
/*!40103 SET TIME_ZONE='+00:00' */;
/*!40014 SET @OLD_UNIQUE_CHECKS=@@UNIQUE_CHECKS, UNIQUE_CHECKS=0 */;
/*!40014 SET @OLD_FOREIGN_KEY_CHECKS=@@FOREIGN_KEY_CHECKS, FOREIGN_KEY_CHECKS=0 */;
/*!40101 SET @OLD_SQL_MODE=@@SQL_MODE, SQL_MODE='NO_AUTO_VALUE_ON_ZERO' */;
/*!40111 SET @OLD_SQL_NOTES=@@SQL_NOTES, SQL_NOTES=0 */;

--
-- Table structure for table `ADDRESS`
--

DROP TABLE IF EXISTS `ADDRESS`;
/*!40101 SET @saved_cs_client     = @@character_set_client */;
/*!40101 SET character_set_client = utf8 */;
CREATE TABLE `ADDRESS` (
  `ENTITYID` int(11) NOT NULL,
  `ADDRESS` varchar(100) CHARACTER SET utf8 NOT NULL,
  `ENTITYTIPE` enum('0','1','2') NOT NULL DEFAULT '0',
  PRIMARY KEY (`ENTITYID`,`ADDRESS`,`ENTITYTIPE`),
  CONSTRAINT `ADDRESS_CUSTOMER` FOREIGN KEY (`ENTITYID`) REFERENCES `CUSTOMER` (`CUSTID`)
) ENGINE=InnoDB DEFAULT CHARSET=utf8mb4;
/*!40101 SET character_set_client = @saved_cs_client */;

--
-- Dumping data for table `ADDRESS`
--

LOCK TABLES `ADDRESS` WRITE;
/*!40000 ALTER TABLE `ADDRESS` DISABLE KEYS */;
/*!40000 ALTER TABLE `ADDRESS` ENABLE KEYS */;
UNLOCK TABLES;

--
-- Temporary table structure for view `CUSTINVOICEDETAILS`
--

DROP TABLE IF EXISTS `CUSTINVOICEDETAILS`;
/*!50001 DROP VIEW IF EXISTS `CUSTINVOICEDETAILS`*/;
SET @saved_cs_client     = @@character_set_client;
SET character_set_client = utf8;
/*!50001 CREATE TABLE `CUSTINVOICEDETAILS` (
  `INVOICEID` tinyint NOT NULL,
  `LINENUM` tinyint NOT NULL,
  `LISTNAME` tinyint NOT NULL,
  `CUSTID` tinyint NOT NULL,
  `CUSTNAME` tinyint NOT NULL,
  `ITEMID` tinyint NOT NULL,
  `ITEMNAME` tinyint NOT NULL,
  `QTY` tinyint NOT NULL,
  `PRICE` tinyint NOT NULL,
  `TOTAL` tinyint NOT NULL
) ENGINE=MyISAM */;
SET character_set_client = @saved_cs_client;

--
-- Table structure for table `CUSTINVOICEHEADER`
--

DROP TABLE IF EXISTS `CUSTINVOICEHEADER`;
/*!40101 SET @saved_cs_client     = @@character_set_client */;
/*!40101 SET character_set_client = utf8 */;
CREATE TABLE `CUSTINVOICEHEADER` (
  `INVOICEID` int(11) NOT NULL AUTO_INCREMENT,
  `CUSTID` int(11) NOT NULL,
  `STATUS` enum('0','1') NOT NULL DEFAULT '0',
  `CREATEDAT` datetime NOT NULL DEFAULT CURRENT_TIMESTAMP,
  `MODIFIEDAT` datetime NOT NULL DEFAULT CURRENT_TIMESTAMP,
  `DESCRIPTION` varchar(1000) CHARACTER SET utf8 NOT NULL,
  `DEFAULTLISTID` int(11) NOT NULL,
  PRIMARY KEY (`INVOICEID`),
  KEY `CUSTINVOICEHEADER_CUSTOMER` (`CUSTID`),
  KEY `CUSTINVOICEHEADER_LISTHEADER` (`DEFAULTLISTID`),
  CONSTRAINT `CUSTINVOICEHEADER_CUSTOMER` FOREIGN KEY (`CUSTID`) REFERENCES `CUSTOMER` (`CUSTID`) ON DELETE NO ACTION ON UPDATE NO ACTION,
  CONSTRAINT `CUSTINVOICEHEADER_LISTHEADER` FOREIGN KEY (`DEFAULTLISTID`) REFERENCES `LISTHEADER` (`LISTID`) ON DELETE NO ACTION ON UPDATE NO ACTION
) ENGINE=InnoDB DEFAULT CHARSET=utf8mb4;
/*!40101 SET character_set_client = @saved_cs_client */;

--
-- Dumping data for table `CUSTINVOICEHEADER`
--

LOCK TABLES `CUSTINVOICEHEADER` WRITE;
/*!40000 ALTER TABLE `CUSTINVOICEHEADER` DISABLE KEYS */;
/*!40000 ALTER TABLE `CUSTINVOICEHEADER` ENABLE KEYS */;
UNLOCK TABLES;

--
-- Table structure for table `CUSTINVOICELINE`
--

DROP TABLE IF EXISTS `CUSTINVOICELINE`;
/*!40101 SET @saved_cs_client     = @@character_set_client */;
/*!40101 SET character_set_client = utf8 */;
CREATE TABLE `CUSTINVOICELINE` (
  `INVOICEID` int(11) NOT NULL,
  `LINENUM` int(11) NOT NULL,
  `ITEMID` varchar(10) CHARACTER SET utf8 NOT NULL,
  `QTY` double NOT NULL,
  `PRICE` decimal(10,3) NOT NULL,
  PRIMARY KEY (`INVOICEID`,`LINENUM`),
  KEY `CUSTINVOICELINE_ITEMID` (`ITEMID`),
  CONSTRAINT `CUSTINVOICELINE_CUSTINVOICEHEADER` FOREIGN KEY (`INVOICEID`) REFERENCES `CUSTINVOICEHEADER` (`INVOICEID`),
  CONSTRAINT `CUSTINVOICELINE_ITEMID` FOREIGN KEY (`ITEMID`) REFERENCES `ITEM` (`ITEMID`)
) ENGINE=InnoDB DEFAULT CHARSET=utf8mb4;
/*!40101 SET character_set_client = @saved_cs_client */;

--
-- Dumping data for table `CUSTINVOICELINE`
--

LOCK TABLES `CUSTINVOICELINE` WRITE;
/*!40000 ALTER TABLE `CUSTINVOICELINE` DISABLE KEYS */;
/*!40000 ALTER TABLE `CUSTINVOICELINE` ENABLE KEYS */;
UNLOCK TABLES;

--
-- Table structure for table `CUSTOMER`
--

DROP TABLE IF EXISTS `CUSTOMER`;
/*!40101 SET @saved_cs_client     = @@character_set_client */;
/*!40101 SET character_set_client = utf8 */;
CREATE TABLE `CUSTOMER` (
  `CUSTID` int(11) NOT NULL AUTO_INCREMENT,
  `CUSTNAME` varchar(100) CHARACTER SET utf8 NOT NULL,
  `DEFAULTLISTID` int(11) DEFAULT NULL,
  PRIMARY KEY (`CUSTID`),
  KEY `CUSTOMER_LISTHEADER` (`DEFAULTLISTID`),
  CONSTRAINT `CUSTOMER_LISTHEADER` FOREIGN KEY (`DEFAULTLISTID`) REFERENCES `LISTHEADER` (`LISTID`)
) ENGINE=InnoDB AUTO_INCREMENT=11 DEFAULT CHARSET=utf8mb4;
/*!40101 SET character_set_client = @saved_cs_client */;

--
-- Dumping data for table `CUSTOMER`
--

LOCK TABLES `CUSTOMER` WRITE;
/*!40000 ALTER TABLE `CUSTOMER` DISABLE KEYS */;
INSERT INTO `CUSTOMER` VALUES (1,'Gonzalo',NULL),(2,'Jonathan',NULL),(3,'Daniel colegio',NULL),(4,'Fernando',NULL),(5,'Ramon',NULL),(6,'Ocampo',NULL),(7,'Matienzo',NULL),(8,'Teo',NULL),(9,'Acuña',NULL),(10,'fabio pela',NULL);
/*!40000 ALTER TABLE `CUSTOMER` ENABLE KEYS */;
UNLOCK TABLES;

--
-- Table structure for table `ITEM`
--

DROP TABLE IF EXISTS `ITEM`;
/*!40101 SET @saved_cs_client     = @@character_set_client */;
/*!40101 SET character_set_client = utf8 */;
CREATE TABLE `ITEM` (
  `ITEMID` varchar(10) CHARACTER SET utf8 NOT NULL,
  `ITEMNAME` varchar(100) CHARACTER SET utf8 NOT NULL,
  `PACKAGEQTY` int(11) NOT NULL,
  `ITEMGROUPID` varchar(20) CHARACTER SET utf8 DEFAULT NULL,
  PRIMARY KEY (`ITEMID`),
  KEY `ITEM_ITEMGROUP` (`ITEMGROUPID`),
  CONSTRAINT `ITEM_ITEMGROUP` FOREIGN KEY (`ITEMGROUPID`) REFERENCES `ITEMGROUP` (`ITEMGROUPID`)
) ENGINE=InnoDB DEFAULT CHARSET=utf8mb4;
/*!40101 SET character_set_client = @saved_cs_client */;

--
-- Dumping data for table `ITEM`
--

LOCK TABLES `ITEM` WRITE;
/*!40000 ALTER TABLE `ITEM` DISABLE KEYS */;
INSERT INTO `ITEM` VALUES ('10006','CITOS BON O BON 12x14x40',12,'43'),('10007','CITOS COFLER LECHE 12x14x40',12,'43'),('10008','CITOS AGUILA MENTA 12x14x40',12,'43'),('1002','CER.MIX CHOCOLATE 6x20x26',120,'11'),('10022','COFLER SUPREME LECHE 6x10x110',60,'56'),('10023','COFLER SUPREME LECHE 6x20x55',120,'56'),('10024','COF SUPREME BLANCO 6x10x110',60,'56'),('10025','COFLER SUPREME BLANCO 6x20x55',120,'56'),('10033','REX TUBO 28x75 gr',28,'77'),('10053','TOPLINE UVA 30x20x6.7',30,'82'),('10056','TOPLINE 7 AQUA LIMON 36x16x14.7',36,'84'),('10057','MENTHOPLUS ZERO STRONG 12x12x26',12,'70'),('10081','MR POPS EVOLUTION FRUTILLA 12x480',12,'15'),('1009','ROCKLETS CONFITES 12x24x20',12,'74'),('10105','BUTTER TOFFES BON O BON 6x959',6,'18'),('10107','MENTHOPLUS CREAMIX BERRIES 12x12x8',12,'69'),('10108','MENTHOPLUS CREAMIX FRUTILLA 12x12x8',12,'69'),('10110','MOGUL MASTICABLE 36x150',36,'21'),('10136','MENTHOPLUS C LIMON 12x12x29.5',12,'69'),('10160','MR POPS EVOLUTION FRUTILLA POTE 6x760',6,NULL),('10161','MR POPS SURTIDOS 12x480',12,'15'),('10170','CHOCOLINAS 40x170',40,'60'),('10171','CHOCOLINAS 25x250',25,'60'),('10172','COQUITAS 40x170',40,'60'),('10173','KESITAS 32x75',32,'77'),('10174','REX 32x75',32,'77'),('10176','MR.POPS FRUTAL POTE 6x650',6,NULL),('10183','MOGUL PARTY ANIMALS 12x12x30',12,NULL),('10197','B. TOFFEES BON O BON',1,NULL),('10204','CRIOLLITAS 22x3x100',22,'57'),('10218','ALF.ARROZ CEREALMIX DDL 12x12x25',12,'09'),('10219','ALFAJOR ARROZ CEREAL MIX 12x12',12,'09'),('10220','ALF.ARROZ SER DDL 12x12x23',12,'25'),('10221','ALFAJOR ARROZ  SER LIMON 12x12',12,'25'),('10230','TOPLINE 7 MICRO MENTA 24x6x14',24,'85'),('10241','CH. TL CONF.MENTA 24x6x14',24,'80'),('10242','CH. TL CONF.FRUTA 24x6x14',24,'80'),('10243','TOPLINE OM ARVENSIS 12x12x24',12,'81'),('10244','CH. TL CONF.STRONG 24x6x14',24,'80'),('10245','CH. TL CONF.DEFENSE 24x6x14',24,'80'),('10246','CH. TL CONF.SANDÍA 24x6x14',24,'80'),('10269','ALFAJOR SER DULCE DE LECHE 40x47',40,'25'),('10275','CRIOLLITAS TOSTADAS DULCES 18x20',18,'57'),('10282','MOGUL MICKEY12x12x25',12,'71'),('10288','BARRA SER FRUTILLA/CHOCOLATE 6x20x28',120,'26'),('10314','TENTACION MOUSSE CHO 24x113',24,'59'),('10315','TENTACION MOUSSE FRU 24x113',24,'59'),('10323','MIX CRISTALES 6x935 gr',6,'16'),('10324','CREMINO SURTIDO 36x16',36,'18'),('10335','CHOCOLATE LECHE/BLANCO ARCOR 6x14x100',84,'13'),('10336','COFLER AIREADO LECHE 8x20x27',160,'45'),('10337','COFLER AIREADO BLANCO 8x20x27',160,'45'),('10338','COFLER AIREADO BLANCO/LECHE 8x20x27',160,'45'),('10339','COFLER AIREADO ALMENDREAS 8x20x27',160,'45'),('10340','COFLER AIR LECHE 8x10x55',80,'46'),('10341','CHOC. BLANCO COFL AIR 8x10x55g',80,'46'),('10342','COFLER LECHE BLANCO AIREADO8x10x55',80,'46'),('10343','COFLER AIREADO ALMENDRAS 8x10x55',80,'46'),('10344','CHOC. LECHE COFLER AIR 4x12x100g',48,'44'),('10345','COFLER AIREADO BLANCO 4x12x100',48,'44'),('10346','COFLER AIREADO LECHE/BLANCO 4x12x100',48,'44'),('10347','COFLER AIREADP LECHE/ALMENDRAS 4x12x100',48,'44'),('10348','COFLER LECHE 12x10x55',120,'54'),('10350','CHOC. LEC/ALM COFLER 12 x 10x 55gr',120,'54'),('10352','COFLER  ROCKLETS 12x10x55',120,'54'),('10353','COFLER BCO&COOK12x55',120,'54'),('10355','COFLER LECHE C/CONF 4x16x100',64,'51'),('10356','COFLER LECHE/ALMENDRAS 4x16x100',64,'51'),('10357','COFLER LECHE 4x16x100',64,'51'),('10358','COFLER LECHE 4x16x170',64,'52'),('10360','COFLER ROCKLETS 4x16x170',64,'52'),('10361','COFLER LECHE 24x300',24,'53'),('10362','COFLER LECHE/ALMENDRAS 24x300',24,'53'),('10367','AGUILA DOR ALMENDRAS 8x10x75',80,'07'),('10369','AGUILA DOR PASAS 8x10x72',80,'07'),('10370','AGUILA DOR MOUSSE 8x10x70',80,'07'),('10371','AGUILA DOR SEMIAMARGO 50% CACAO 8x10x65',80,'07'),('10374','BLOCK 24x300',24,'48'),('10375','CHOC BLANC DLL COFLE 8x20x42',160,'55'),('10380','OBLEA RELL.COFL BLOC 8x20x35',8,'72'),('10383','BARRA EXTRA COCO COFLER 6x20x32',120,'50'),('10384','BARRA COFLER EXTRA MANI 6x20x38',20,NULL),('10393','BOB SNACK 12x10x60G',12,'78'),('1042','BOCADITO HOLANDA X 50',24,'10'),('10424','CH. TOPLINE MISTERY 30x20x6.7g',20,NULL),('10425','CH TL7 VIOLET CHERRY 36x16',36,NULL),('10426','TOPLINE OM MADRAS 12x12x24',12,'81'),('10427','TOPLINE OM CLEANMINT 12x12x24',12,'81'),('10431','TOPLINE OM NIUMINT12x12x24',12,'81'),('10441','CEREAL MIX RELLENA MOUSSE CHOCOLATE 6x18x29',108,'12'),('10461','POOSH MIXFRUTAL 16x50',16,'01'),('10480','MR. POPS EVOLUTION PINTALENGUA 12x24',12,NULL),('10532','MASTICABLE MOGUL POTE 6x500g',6,'21'),('10544','BUTTER TOFFEES CHO.BLANCO 6x959',6,'18'),('10574','MENTHOPLUS RELLENO MIEL 12x12',12,'69'),('10577','MENTHOPLUS COFLER 12x12x26 Gr.',12,'69'),('10581','ROSQUITAS SALADAS 12x140',12,'57'),('10582','CHOCOLATE TAZA AGUILA 6x12x225',72,'05'),('10588','MOGUL 50% FRUTAS 12x12x25',12,'34'),('1060','BOC.CHOCOMANI ARCOR 12X125 U.',12,'10'),('1064','VACA LECHERA 16X48 UNIDADES',16,'10'),('10674','MOGUL CONFITADOS  BERRIES 12x12x40',12,'34'),('10695','BON-O-BON LECHE BOB 12x30x16',12,'28'),('10698','BON-O-BON MIX BOB 12x30x16',12,'28'),('10699','BON O BON MIX 16x18x16',18,NULL),('10701','BON-O-BON BLANCO BOB 12x30x16',12,'28'),('10712','BON-O-BON CHOCOLATE BOB 12x30x16',12,'28'),('10730','BOMBON SELECCION ARCOR 16x258',16,NULL),('10731','SER TOSTADAS 18x200G',18,'65'),('10734','MOGUL MICKEY 6x500',6,'71'),('10736','BUTTER TOFFEES AGUILA 6x959',6,'18'),('10738','BOCADITO BUTTER TOFFEES 16x24x16',24,NULL),('10747','MOGUL FRUTILLAS CON CREMA 6x500',6,'37'),('10754','CRIOLLITAS FINITAS 14x125',14,NULL),('10763','ROCKLETS BOLSA 32x150',32,'74'),('10769','BOMBOM COFLER AVELLANA 8x20x37',160,'55'),('10770','COFLER 3 PLACERES 12x10x55',120,'54'),('10771','COFLER BLANCO&COOKIES 4X16x100G',64,'51'),('10773','COFLER BUTTER TOFFEES 4x16x100',64,'51'),('10775','TORTUGUITA  FRUTILLA  12x24x17',12,'62'),('10782','BARRA COFLER BANAN SPLIT 6x20x30',120,'50'),('10783','GALL.CEREALMIX FRUTILLA/CHIA 25x230',25,NULL),('10785','MR.POPS NUEVOMIX FRUTAL 12x50',12,NULL),('10792','SALSA CHOCOLATE AGUILA 20x320',20,NULL),('10804','TOPLINE CITRUS 30x20',30,'82'),('10808','TOPLINE ORIGINL MINT MELON 12x12x24',12,NULL),('10810','TOPLINE ORIGINL MINT FRAMBUESA 12x12x24',12,NULL),('10820','BOMBON COFLER BLOCK 15x20x18',15,'48'),('1083','CARAMELO DULCILAC 10x120',10,'10'),('10830','CARAMELOS BC SURTIDO 6x418',6,NULL),('10848','RELLENO UNTABLE BOB 24x290',24,'29'),('10850','OBL.RELL.BAÑADA OPERA 8x20x27g',8,'72'),('10851','COFLER  BLOCK 4x16x170',64,'48'),('10859','CHUPETIN EVOLUTION FEST 12x48',12,NULL),('10861','BEBIDA BC PERA 12x1L',12,NULL),('10862','BEBIDA BC PERA 24x200',24,NULL),('10863','BEBIDA BC NJA/DURAZ 12x1L',12,NULL),('10864','BEBIDA BC NJA/DURAZ 24x200',24,NULL),('10885','GAJITOS 12x485',12,'22'),('10886','GAJITOS 36x150',36,'22'),('10918','CH. TL7 SANDÍA 36X16',36,NULL),('10925','GOMITAS MOGUL MULTIF',1,NULL),('10930','MOGUL 50 % FRUTA 24x70',24,NULL),('10978','MOGUL MORITAS 6x1KG',6,NULL),('10998','PEPAS ARCOR 32x200G',32,NULL),('10999','MEDIA LUNITAS ARCOR 30x200',30,NULL),('1100','CREMINO COCO 6 X 940',6,'18'),('11000','BIZCOCHOS AZUCARAD 30x200',30,NULL),('11001','BIZCOCHOS DE GRASA 32x200',32,NULL),('11002','TABLETA AGUILA 60% CACAO 6x15x150',15,NULL),('11007','COFLER REX 12x10x55',10,NULL),('11009','TAB.LEC/CEREAL ARCOR 6x14x100',14,NULL),('11010','CITOS BUTTER TOFFEES 12x14x40',14,NULL),('11011','ROCKLETS-MOGUL CONFITADO 9x12x50',12,NULL),('11012','BOM. COFLER DD/LEC 15x20x18gr',20,NULL),('11013','OBLEA BOB  XL 8x16x45',16,NULL),('11014','BARRA COFL CHOCOLINA',1,NULL),('11015','MINI COFLER EXTRA 15',1,NULL),('11018','TORTUGUITA DULCE LECHE 12x24x20',24,NULL),('11020','OBLEA BOB MINI 12x10x60',10,NULL),('11023','TABLETA TORTUGUITA  12x18x24',18,NULL),('11025','TOSTADAS CRIOLLITAS SIN SAL18x200',18,NULL),('11028','MANI C/CHOCOLATE BLOCK 60x40',60,NULL),('11031','COFLER BLANCO 4x16x170',16,NULL),('11033','CHIC MIGLOBS MANDAR',16,NULL),('11034','CHIC MIGLOBS MANZAN',1,NULL),('11037','ALIM.LIQ.BC.50.MULTI',1,NULL),('11038','ALIM.LIQ.BC.50.NARAN',1,NULL),('11039','ALIM.LIQ.BC.50.MANZ.',1,NULL),('1104','CARAMELO CREMINO SURTIDO 6x940',6,'18'),('11064','PD.RELL.DULCE DE LEC',1,NULL),('11065','PD.RELL.CHOCOLATE 12',1,NULL),('11068','FORMIS MOGUL FRU/BAN 36x110',36,NULL),('11069','FORMIS MOGUL NAR/MAN 36x110',36,NULL),('11072','OPERA BOB 36X97G',36,NULL),('11074','GALLETITAS ROCKLET 30x118g',30,NULL),('11078','GALLETITA RELLENA ANGRY BIRDS 40x80',40,NULL),('11079','GALLETITAS ANGRY BIRDS 16x160',16,NULL),('11080','CHOCOLATES ARCOR SURTIDOS 16x276',16,NULL),('1109','BUTTER TOFFEES 6 X 957 GR.',6,'18'),('11090','MENTHOPLUS ACIDOS MANZANA 12x12x28',12,NULL),('11116','NATURAL BREAK ENERGIA 8x8x30',8,NULL),('11117','NATURAL BREAK ENERGIA 24x90',24,NULL),('11118','NATURAL BREAK LIVIANO 8x8x24',8,NULL),('11119','SURTIDO NATURAL BREAK 12x15 Unidades',12,NULL),('11120','NATURAL BREAK NUTRITIVO 8x8x24',8,NULL),('11121','NATURAL BREAK NUTRITIVO 24x81',24,NULL),('11128','BUTTER TOFFEES CABSHA 6x959',6,NULL),('1113','BUTTER N CREAM 6X935 GR',6,'17'),('11140','COFLER TUBITOS 12x10',12,NULL),('11141','CHICLE POOSH TROPICAL 16x50',16,NULL),('11142','CEREAL BOLITAS CINDOR 16x400',16,NULL),('1115','BUTTER TOFFEES CHOC. 6X959 GR.',6,'18'),('11166','JUGO POLVO ANANA.BC 16x18x9gr',18,NULL),('11170','JUGO POLVO BC NARANJA/DURAZNO 16x18x9',18,NULL),('1118','CEREAL TORTUGUITA 12x14x20',12,'39'),('11195','MOGUL NARANJA/MANZANA 12x12x30',12,NULL),('11227','CEREAL MIX RELLENO LIMON 6x18x29',18,NULL),('11241','CHUP.EVOL.FEST.12X24',12,NULL),('11269','BON O BON LECH POTE 12x45un',12,NULL),('11275','DISPLAY MASTICABLE MOGUL  SURTIDO 12x700',12,NULL),('11283','COFLER BLOCK 8x12x110gr',12,NULL),('11287','MOGUL OSITOS 24x80G.',24,NULL),('11288','MOGUL TIBURONCITOS 24x80',24,NULL),('11289','MOGUL FRUTALES 24x80',24,NULL),('11299','BOM BON O BON AGUILA',1,NULL),('1512','BUTTER TOFFEES LECHE 36X150 G',36,'18'),('1513','BUTTER TOFFEES CHOCOLAT.36X150',36,'18'),('1693','MOGUL CEREBRITOS 12x12x30Gr',12,'34'),('1732','KESITAS ESTUCHE 16x125',16,'77'),('1748','MACUCAS 36x123',36,'66'),('1750','MENTHO PLUS CHERRY 12x12',12,'69'),('1751','MENTHO PLUS MENTOL 12x12',12,'69'),('1752','MENTHO PLUS STRONG 12x12',12,'69'),('1753','MENTHO PLUS MIEL 12x12',12,'69'),('1754','MENTHO PLUS MENTA 12x12',12,'69'),('1761','MTHO.PLUS STRONG AGRUP 60x3',60,NULL),('1782','CARAMELO MAST. FRUTA 10x800',10,NULL),('1999','MOGUL OSITOS 12x12x30Gr',12,'34'),('2001','MOGUL TIBURON12x12x30',12,'34'),('2141','RODAJAS 6X930',6,'22'),('2170','MENTHOPLUS ACIDOS CEREZA 12x12x27',12,'69'),('2190','BOCADITO CABSHA ACR.X18X10 G',48,'27'),('2201','BOCADITO CABSHA X 48 X 10 G',24,'27'),('2232','LOTSA FIZZ 12x48x5un',12,'20'),('2301','MOGUL VIBORITAS 12x12x30',12,'34'),('2407','BUT.TOFF RELL DULC. LCH 6x959',6,'18'),('2426','MENTHOPLUS ACIDOS NARANJA 12x12x27',12,'69'),('2505','MR.POPS EVOL.BLUE BERRY 12x24',12,'15'),('2506','MR.POPS EVOL. CERREZA 12x24',12,'15'),('2507','MR.POPS EVOL. MANZANA 12x24',12,'15'),('2528','MISTER POP S FRUTAL X 50 UN.',12,'14'),('2529','MISTER POP S FRUTAL  24X 10 UN.',24,'14'),('2556','COFLER DULCE DE LECHE 8x20x42',160,'55'),('2580','CEREALMIX RELL MANZANA 6x18x32',108,'12'),('2582','CEREALMIX RELL FRUTILLA 6x18x32',108,'12'),('2584','GALLETA CINDOR 30x120',30,'60'),('2586','CEREALMIX RELL DURAZNO 6x18x32',108,'12'),('2594','MOGUL MORAS 24x150',24,'32'),('2596','MOGUL DIENTES 24x150 G',24,'32'),('2624','MOGUL MORAS 6x500',6,'37'),('2631','MOGUL DIENTES 6x500',6,'37'),('2820','MPLUS C FRUTILLA 12x12x30',12,'69'),('2965','RODAJAS CRAZY 12x465 gr',12,'22'),('2987','ALF.MINI TORTA  AGUILA 21x73',21,'08'),('2988','ALF.AGUI. BROWNI 21x73',21,'08'),('2989','ALF. MINITORTA AGUILA COCO21x73',21,'08'),('3081','MOGUL JELLY BUTTON 6x1 kg.',6,'35'),('3092','MOGUL EUCALIP 6X1KG',6,'35'),('3096','MOGUL ANILLOS 6x1kg',6,'35'),('3101','CHOC. FLIAR. AGUILA 6X15 X100',90,'05'),('3107','CHOCOLATE AGUI. BCO.6x15x100',90,'05'),('3113','MOGUL FRUTALES 6x1Kg',6,'35'),('3145','MOGUL MORAS 16x300',16,'33'),('3165','ALF.MINITORTA BCO 21x72',21,'08'),('3176','TOPLINE 7 MENTA 36x16x14',36,'83'),('3196','TOPLINE 7 LIMON 36x16',36,'83'),('3222','CHOCOLATE TAZA GODET4X15 X100',60,'02'),('3269','TOPLINE 7 MANDARINA 36x16',36,'83'),('3274','CHOC. ROCKLETS 12x18x40',12,'74'),('3276','MANI C/CHOC ROCKLETS 12x18x40',12,'74'),('3304','BUDIN SER  18x250',18,'65'),('3309','BUDIN SER MARMOLADO 18x250',18,'65'),('3434','RELLENOS MIEL 6 X 810 GR.',6,'23'),('3435','MENTA CHOCOLATE 6 X 810GR.-',6,'19'),('3436','RELLENOS MIEL+MENTA 12X405G',12,'23'),('3442','BASTON VIENA 12X470 GR.',12,'22'),('3450','CHICLE POOSH SANDIA 16X50X5.4GR',16,'01'),('3465','OBLEA BOB LECHE 8x20x30',20,NULL),('3466','OBLEA B-O-B.BLANCO 8X20X30 GR',8,'72'),('3483','MOGUL CONFITADO 12x12x40',12,'34'),('3500','COFLER YOG.FRUTILLA LIGHT 12x20x27',240,'50'),('3576','HUEVO TOYS TOYS 8x12x22',8,'64'),('3612','TOPLINE 7 STRONG 36x16x14',36,'83'),('3626','BARRA SER MANZANA. 6x20x23',120,'26'),('3627','BAR.SER FRUTILLA 6x20x23',120,'26'),('3744','GALL CEREALMIX AVENA CHOCOLATE 25x180',25,'38'),('3746','SALADIX DUO 24x80Gr.',24,'75'),('3747','SALADIX JAM/QUE 48x25',48,'75'),('3750','ALF BAGLEY 3.0 BEGRO 21x73',21,'24'),('3777','CRIOLLITAS 56x100Gr',56,'57'),('3786','CER.MIX ORIGINAL 6x20x23',120,'11'),('3789','CER.MIX PLACERES CHOCOLATE 6x20x23',120,'11'),('3792','CER.MIX MANZANA LIGHT 6x20x23',120,'11'),('3870','SALADIX PIZZA X30 GR.(2003)',48,'75'),('3871','SALADIX JAMON X30 GR.(2003)',48,'75'),('3880','CUBITOS DE FRUTA MOGUL 16x300',16,'33'),('397','COFLER LECH/BCO 12x10x55g',10,NULL),('4013','TURRONES X25 GRS.',200,'87'),('4220','CHOCOLATE CONF.ROCKLETS 10x1kg',10,'74'),('4266','MINI ROCLKETS 12x44x1',12,'74'),('4303','ALF.BOB LECHE 40x40',40,'30'),('4305','ALF.BOB BLANCO 40x40',40,'30'),('4369','GOMA ANILLOS 16X250 GR.',16,'32'),('4390','MANA RELLENA FRUTILLA 36x165',36,'68'),('4391','MANA LIMON RELL.LIMON 36x165',36,'68'),('4392','MANA CHOC.RELL.VAINIL 36x165',36,'68'),('4393','MANA RELL.CHOCOLATE 36x165',36,'68'),('4680','MTHO.PLUS S/A CHERRY 12x12x27',12,'70'),('4681','MTHOPLUS S/A DURAZNO 12x12',12,'70'),('4682','MENTHO PLUS S/A MENTOL 12x12x27.3',12,'70'),('4683','MTHOPLUS S/A POMELO 12x12',12,'70'),('4700','RELLENOS MIEL 36 X 150G',36,'23'),('4702','MENTA CHOCOLATE 36 X 150G.',36,'19'),('4705','RELLENOS FRUTALES 36 X 150G',36,'22'),('4706','MENTA CRISTAL 36 X 150G',36,'16'),('4710','FRESH CRISTAL 12 X 465G',12,'16'),('4713','RELLENOS FRUTALES 6 X 810 GR',6,'22'),('4848','ALF. TOFI NEGRO TRIPLE 21x73',21,'79'),('4913','TOPLINE 7 GEL SANDIA 36x16x15',36,'83'),('4942','HOGAREÑAS SEMILLAS 1',1,NULL),('5111','TOPLINE 7 FRUTILLA 36x16x14',36,'83'),('5133','BUTTER TOFFE CAFE 6x959',6,'18'),('5312','COFLER BLOCK 8x20x38g',160,'48'),('5342','FORMIS VAI/FRU 36x72',36,'61'),('5343','FORMIS CHO/DUL 36x72',36,'61'),('5344','FORMIS VAI/CHO 36x72',36,'61'),('5345','FORMIS CHO/VAI24x108',24,'61'),('5346','FORMIS VAI/FRU24x108',24,'61'),('5347','FORMIS CHO/DUL24x108',24,'61'),('5348','FORMIS VAI/CHO24x108',24,'61'),('5356','AZUCARADAS VAINILLA 54x80',54,NULL),('5360','AZUCARADAS COCO 54x80',54,NULL),('5669','HOG. MIX CEREAL 36x176',36,'63'),('5670','HOGAREÑAS MIX CEREAL12x3x176',12,'63'),('5697','HOGAREÑAS 7 SEMILLAS 36x181',36,'63'),('5856','CHOCOLATE BCO.ARCOR 20X40X8 GR',20,'42'),('5857','CHOCOLATE LEC. ARCOR 20x40x8',20,'42'),('5871','CHICLE FLIC S MENTA  30x14x8',30,'40'),('5873','CHICLE FLICS FRUTA X 14 X8 UN',30,'40'),('6013','MENTA CRISTAL ARCOR 6X935',6,'16'),('6020','ROLLO MOGUL 12 x 12 GRS.',12,'34'),('6023','GOMA EUCALIPTUS ARCOR 16X250 G',16,'32'),('6024','GOMA FRUTALES ARCOR 16X250 GR.',16,'32'),('6072','CHOCOLATE C/LECHE ARC.12x30x25',12,'42'),('6074','CHOCOLATE BCO.ARCOR 12X30X25 G',12,'42'),('6140','ALF.BOB NEGRO TRIPLE 21x60',21,'31'),('6141','TORTUGUITA GODY LECHE 12X24X18',12,'62'),('6167','PAST.GOMA MOG.FRUTA X12X50',12,'34'),('6171','GUASNITOS ACIDOS MOGUL 6x500',6,'37'),('6178','MOGUL PIECITOS 12x12x30',12,'34'),('6179','PEPAS ARCOR 21x400',21,NULL),('6183','MOGUL COCODRILOS 12x12x30',12,'34'),('6196','MARROC COFLER 6x20x30',120,'50'),('6364','CHICLE POOSH FRUTILLA 16x50',16,'01'),('6365','CHICLE POOSH MENTA 16x50',16,'01'),('6366','CHICLE POOSH TUTI FRUTI 16x50',16,'01'),('6408','BARRITA AGUILA 24x24x14',24,'05'),('6596','ALF.COFLER BLOCK 21x60g',21,'47'),('6611','CHOCOLATE TAZA AGUILA 6x15x150',90,'05'),('6626','CEREALMIX FRUT/YOGURT 6x20x28',120,'11'),('6627','CER.MIX YOGU/VAINILLA 6x20x28',120,'11'),('6672','GALL CERMIX AVENA/PASAS 25x230',25,'38'),('6673','GALL CERMIX SEMOLA/CHIPS 25x230',25,'38'),('6691','HOGAREÑAS SALVADO 30x200',30,'63'),('6692','HOGAREÑAS SALVADO 10x3x200',10,'63'),('6768','TORTITAS BLACK 24x125',24,'86'),('6770','TORTITAS CHOCOLATE 24x125',24,'86'),('6803','SURTIDO BAGLEY 21x400G',21,'59'),('6805','SURT DIVERSION 21X400G',21,'58'),('6808','GUSANITOS ACIDOS 24x150',24,'32'),('6900','CHIC. TOPLINE MENTA 30x20',30,'82'),('6901','CHIC. TOPLINE FRUTA 30x20',30,'82'),('6906','CHI. TOPLINE STRONG 30x20',30,'82'),('6907','CHIC. TOPLINE DEFENCE 30x20',30,'82'),('6934','CHIC. TOPLINE SANDIA/MENTA 30x20',30,'82'),('6973','SALADIX PIZZA X100 GR.',24,'75'),('7048','SERRANAS 48x112',48,'76'),('7049','SERRANAS SANDWICH 16x3x112',16,'76'),('7137','CER.MIX AVENA Y PASAS 25x180G',25,'38'),('7142','CER.MIX AVEN Y MZNA. 25x180G',25,'38'),('7167','SALADIX JAMON x100 GR.',24,'75'),('7168','SALADIX CALABRESA X100 GR.',24,'75'),('7174','SALADIX PARMESANO x100 GR.',24,'75'),('7198','REX ESTUCHE 16x125g',16,'77'),('7201','MANA VAINILLA 36x145',36,'67'),('7202','MANA C/LECHE X 145 G',36,'67'),('7203','MANA LIMON 36x145',36,'67'),('7205','MANA COCO X 145 G',36,'67'),('7208','MANA LIVIANA 12x393',12,'67'),('7227','BOMBON TOFI LECHE12x32x15',12,'03'),('7250','SERRANITAS RED 42 x 105',42,'76'),('7251','SERRANITAS 14x3x105',14,'76'),('7324','MTHO.PLUSS/A LIMALIMON12x12',12,'70'),('7351','MASTICABLE MOGUL 16x700',16,'21'),('7390','CHUP.TROMPITO T.FRUTTI 12x50',12,'14'),('7463','TOFI LECHE 12x25x28',300,'03'),('7464','CHOC.TOFI BCO12x25x27',300,'03'),('7466','CHOC.TOFI LECHE8x15x55',120,'03'),('7467','CHOC.TOFI BLANCO 8x15x55',120,'03'),('7468','TOFI LECHE 6x10x100',60,'03'),('7469','BAÑO REPOSTERO LECHE 8x12x150',8,'04'),('7568','CHOCOCHIPS 24x135',24,'41'),('7754','SALADIX CALABRESA 6 X 30 GR.',48,'75'),('7893','CUBANITO LIMON 12x16x16 Gr',12,'49'),('7895','BAÑO REPOSTERO SEMI AMARGO 8x12x150',8,'04'),('8494','BAÑO REPOSTERO BLANCO 8x12x150',8,'04'),('8649','MOGUL DUO 12x12x25',12,'34'),('8721','TRAVIATA 48x101',48,'57'),('8722','TRAVIATA 16x3x101',16,'57'),('8794','CHOCOLITOS 24x150',24,'06'),('8821','HOGAREÑAS SESAMO 36x167',36,'63'),('8887','CUBANITO COFLER LECHE 12x16x16',16,NULL),('9302','MELLIZAS 36x112',36,'59'),('9304','AMOR 36X112G',36,'59'),('9305','RUMBA 36x112',36,'59'),('9312','SONRISAS FRAMBUESA 36x118',36,'59'),('9327','MERENGADAS 36x93',36,'59'),('9341','OPERA 28x92',28,'72'),('9360','OPERA TRIPL .ORIGINAL 56x75',56,NULL),('9361','OPERA TRIPLE NAR/FRU 56x75',56,NULL),('9394','SER CRACKER 30x120',30,'65'),('9399','SER CRACKER 10x3x120',10,'65'),('9416','SER DULCE VAIN30x130',30,'65'),('9419','OPERA 56x55',56,'72'),('9461','CRIOLLITAS MAS GDES 36x169G',36,'57'),('9462','CRIOLL MAS GDS 12x3x169G',12,'57'),('9463','CRIOLL SIN SAL 36x169G',36,'57'),('9464','CRIOLLITAS S/S 12x3x169',12,'57'),('9472','MORAS POTE 4x1Kg',4,'36'),('9509','OPERA 14x220',14,'72'),('9537','ALF. TOFI BLANCO TRIPLE21x73',21,'79'),('9540','CER.MIX YOGH/FRU LIGHT 6x20x28',120,'11'),('9551','BARRA COFLER MENTA 6x20x30',120,'50'),('9600','SER TOST 16 x110 GR.',16,'65'),('9626','CRIOLLITAS LACTEADA 32 X118G',32,'57'),('9627','CRIOL.LACTEADA 10x354g',10,'57'),('9660','MELITAS 24 x170 GR',24,'60'),('9880','BUT TOFFEES CHOCOLATE MINT 6x959',6,'18'),('9916','TOSTADAS CRILLITAS CLASICAS 18x200',18,'57'),('9917','TOSTADAS CRIOLLITAS SALVADO 18x200',18,'57'),('9919','ALF. BAGLEY 3.0 BLANCO 21x73',21,'24'),('9949','PORTEÑITAS 30 X130 GR',30,'60'),('9963','AFL B/N NEGRO 36x50',36,'24'),('9964','ALFAJOR BAGLEY B/N BCO. 36x50',36,'24'),('9978','CRIOLLITAS 3 CEREALES 24X140G',24,'57'),('9991','SER TOST SALVADO 16x105',16,'65'),('9992','SER SALVADO 30x145',30,'65'),('9994','SALVADO BAGLEY 36x214',36,'57'),('9995','SALVADO BAGLEY 12x3x214',12,'57'),('9996','SALVADO BAGLEY S/SAL 36x214',36,'57');
/*!40000 ALTER TABLE `ITEM` ENABLE KEYS */;
UNLOCK TABLES;

--
-- Table structure for table `ITEMCOST`
--

DROP TABLE IF EXISTS `ITEMCOST`;
/*!40101 SET @saved_cs_client     = @@character_set_client */;
/*!40101 SET character_set_client = utf8 */;
CREATE TABLE `ITEMCOST` (
  `ITEMID` varchar(10) CHARACTER SET utf8 NOT NULL,
  `COSTPRICE` decimal(10,2) NOT NULL,
  `COSTDATE` datetime NOT NULL,
  PRIMARY KEY (`ITEMID`,`COSTDATE`),
  CONSTRAINT `ITEMCOST_ITEM` FOREIGN KEY (`ITEMID`) REFERENCES `ITEM` (`ITEMID`)
) ENGINE=InnoDB DEFAULT CHARSET=utf8mb4;
/*!40101 SET character_set_client = @saved_cs_client */;

--
-- Dumping data for table `ITEMCOST`
--

LOCK TABLES `ITEMCOST` WRITE;
/*!40000 ALTER TABLE `ITEMCOST` DISABLE KEYS */;
INSERT INTO `ITEMCOST` VALUES ('10006',7.34,'2016-12-01 00:00:00'),('10007',7.34,'2016-12-01 00:00:00'),('10008',7.34,'2016-12-01 00:00:00'),('1002',5.87,'2016-12-01 00:00:00'),('10022',25.03,'2016-12-01 00:00:00'),('10023',13.67,'2016-12-01 00:00:00'),('10024',25.03,'2016-12-01 00:00:00'),('10025',13.67,'2016-12-01 00:00:00'),('10033',9.08,'2016-12-01 00:00:00'),('10053',49.70,'2016-12-01 00:00:00'),('10056',71.88,'2016-12-01 00:00:00'),('10057',58.12,'2016-12-01 00:00:00'),('10081',19.97,'2016-12-01 00:00:00'),('1009',91.45,'2016-12-01 00:00:00'),('10105',68.66,'2016-12-01 00:00:00'),('10107',45.21,'2016-12-01 00:00:00'),('10108',45.21,'2016-12-01 00:00:00'),('10110',12.91,'2016-12-01 00:00:00'),('10136',45.21,'2016-12-01 00:00:00'),('10160',31.63,'2016-12-01 00:00:00'),('10161',34.68,'2016-12-01 00:00:00'),('10170',11.52,'2016-12-01 00:00:00'),('10171',16.83,'2016-12-01 00:00:00'),('10172',11.52,'2016-12-01 00:00:00'),('10173',9.08,'2016-12-01 00:00:00'),('10174',9.08,'2016-12-01 00:00:00'),('10176',29.06,'2016-12-01 00:00:00'),('10183',55.09,'2016-12-01 00:00:00'),('10197',14.60,'2016-12-01 00:00:00'),('10204',13.61,'2016-12-01 00:00:00'),('10218',81.82,'2016-12-01 00:00:00'),('10219',81.82,'2016-12-01 00:00:00'),('10220',81.82,'2016-12-01 00:00:00'),('10221',81.82,'2016-12-01 00:00:00'),('10230',26.59,'2016-12-01 00:00:00'),('10241',31.96,'2016-12-01 00:00:00'),('10242',31.96,'2016-12-01 00:00:00'),('10243',127.17,'2016-12-01 00:00:00'),('10244',31.96,'2016-12-01 00:00:00'),('10245',28.99,'2016-12-01 00:00:00'),('10246',31.96,'2016-12-01 00:00:00'),('10269',7.00,'2016-12-01 00:00:00'),('10275',15.93,'2016-12-01 00:00:00'),('10282',47.91,'2016-12-01 00:00:00'),('10288',6.49,'2016-12-01 00:00:00'),('10314',10.29,'2016-12-01 00:00:00'),('10315',10.29,'2016-12-01 00:00:00'),('10323',87.48,'2016-12-01 00:00:00'),('10324',14.66,'2016-12-01 00:00:00'),('10335',17.95,'2016-12-01 00:00:00'),('10336',7.31,'2016-12-01 00:00:00'),('10337',7.31,'2016-12-01 00:00:00'),('10338',7.31,'2016-12-01 00:00:00'),('10339',7.31,'2016-12-01 00:00:00'),('10340',13.66,'2016-12-01 00:00:00'),('10341',13.66,'2016-12-01 00:00:00'),('10342',13.66,'2016-12-01 00:00:00'),('10343',13.66,'2016-12-01 00:00:00'),('10344',23.90,'2016-12-01 00:00:00'),('10345',23.90,'2016-12-01 00:00:00'),('10346',23.90,'2016-12-01 00:00:00'),('10347',23.90,'2016-12-01 00:00:00'),('10348',13.67,'2016-12-01 00:00:00'),('10350',13.67,'2016-12-01 00:00:00'),('10352',13.67,'2016-12-01 00:00:00'),('10353',13.67,'2016-12-01 00:00:00'),('10355',22.98,'2016-12-01 00:00:00'),('10356',22.98,'2016-12-01 00:00:00'),('10357',22.98,'2016-12-01 00:00:00'),('10358',35.77,'2016-12-01 00:00:00'),('10360',35.77,'2016-12-01 00:00:00'),('10361',53.38,'2016-12-01 00:00:00'),('10362',72.51,'2016-12-01 00:00:00'),('10367',18.57,'2016-12-01 00:00:00'),('10369',18.57,'2016-12-01 00:00:00'),('10370',18.57,'2016-12-01 00:00:00'),('10371',18.57,'2016-12-01 00:00:00'),('10374',50.57,'2016-12-01 00:00:00'),('10375',7.14,'2016-12-01 00:00:00'),('10380',107.80,'2016-12-01 00:00:00'),('10383',5.03,'2016-12-01 00:00:00'),('10384',5.03,'2016-12-01 00:00:00'),('10393',106.63,'2016-12-01 00:00:00'),('1042',77.32,'2016-12-01 00:00:00'),('10424',49.70,'2016-12-01 00:00:00'),('10425',83.81,'2016-12-01 00:00:00'),('10426',127.17,'2016-12-01 00:00:00'),('10427',127.17,'2016-12-01 00:00:00'),('10431',127.17,'2016-12-01 00:00:00'),('10441',5.87,'2016-12-01 00:00:00'),('10461',36.70,'2016-12-01 00:00:00'),('10480',34.68,'2016-12-01 00:00:00'),('10532',59.18,'2016-12-01 00:00:00'),('10544',68.66,'2016-12-01 00:00:00'),('10574',37.71,'2016-12-01 00:00:00'),('10577',45.21,'2016-12-01 00:00:00'),('10581',9.38,'2016-12-01 00:00:00'),('10582',36.63,'2016-12-01 00:00:00'),('10588',55.09,'2016-12-01 00:00:00'),('1060',96.48,'2016-12-01 00:00:00'),('1064',74.23,'2016-12-01 00:00:00'),('10674',86.27,'2016-12-01 00:00:00'),('10695',82.87,'2016-12-01 00:00:00'),('10698',82.87,'2016-12-01 00:00:00'),('10699',54.11,'2016-12-01 00:00:00'),('10701',82.87,'2016-12-01 00:00:00'),('10712',82.87,'2016-12-01 00:00:00'),('10730',57.17,'2016-12-01 00:00:00'),('10731',17.73,'2016-12-01 00:00:00'),('10734',56.41,'2016-12-01 00:00:00'),('10736',68.66,'2016-12-01 00:00:00'),('10738',36.43,'2016-12-01 00:00:00'),('10747',55.33,'2016-12-01 00:00:00'),('10754',11.38,'2016-12-01 00:00:00'),('10763',26.15,'2016-12-01 00:00:00'),('10769',7.14,'2016-12-01 00:00:00'),('10770',13.67,'2016-12-01 00:00:00'),('10771',22.98,'2016-12-01 00:00:00'),('10773',22.08,'2016-12-01 00:00:00'),('10775',82.08,'2016-12-01 00:00:00'),('10782',5.03,'2016-12-01 00:00:00'),('10783',14.70,'2016-12-01 00:00:00'),('10785',33.40,'2016-12-01 00:00:00'),('10792',47.60,'2016-12-01 00:00:00'),('10804',37.60,'2016-12-01 00:00:00'),('10808',127.17,'2016-12-01 00:00:00'),('10810',127.17,'2016-12-01 00:00:00'),('10820',76.81,'2016-12-01 00:00:00'),('1083',92.62,'2016-12-01 00:00:00'),('10830',83.33,'2016-12-01 00:00:00'),('10848',31.92,'2016-12-01 00:00:00'),('10850',107.80,'2016-12-01 00:00:00'),('10851',31.90,'2016-12-01 00:00:00'),('10859',34.68,'2016-12-01 00:00:00'),('10861',16.97,'2016-12-01 00:00:00'),('10862',4.94,'2016-12-01 00:00:00'),('10863',16.97,'2016-12-01 00:00:00'),('10864',4.94,'2016-12-01 00:00:00'),('10885',34.52,'2016-12-01 00:00:00'),('10886',14.59,'2016-12-01 00:00:00'),('10918',83.81,'2016-12-01 00:00:00'),('10925',75.52,'2016-12-01 00:00:00'),('10930',9.83,'2016-12-01 00:00:00'),('10978',75.52,'2016-12-01 00:00:00'),('10998',7.47,'2016-12-01 00:00:00'),('10999',7.47,'2016-12-01 00:00:00'),('1100',80.45,'2016-12-01 00:00:00'),('11000',7.47,'2016-12-01 00:00:00'),('11001',7.47,'2016-12-01 00:00:00'),('11002',30.83,'2016-12-01 00:00:00'),('11007',13.67,'2016-12-01 00:00:00'),('11009',17.95,'2016-12-01 00:00:00'),('11010',7.34,'2016-12-01 00:00:00'),('11011',85.60,'2016-12-01 00:00:00'),('11012',76.77,'2016-12-01 00:00:00'),('11013',118.66,'2016-12-01 00:00:00'),('11014',5.03,'2016-12-01 00:00:00'),('11015',41.01,'2016-12-01 00:00:00'),('11018',82.08,'2016-12-01 00:00:00'),('11020',106.63,'2016-12-01 00:00:00'),('11023',80.06,'2016-12-01 00:00:00'),('11025',15.72,'2016-12-01 00:00:00'),('11028',7.35,'2016-12-01 00:00:00'),('11031',35.77,'2016-12-01 00:00:00'),('11033',42.79,'2016-12-01 00:00:00'),('11034',42.79,'2016-12-01 00:00:00'),('11037',10.10,'2016-12-01 00:00:00'),('11038',10.10,'2016-12-01 00:00:00'),('11039',10.10,'2016-12-01 00:00:00'),('1104',80.45,'2016-12-01 00:00:00'),('11064',93.13,'2016-12-01 00:00:00'),('11065',93.13,'2016-12-01 00:00:00'),('11068',8.42,'2016-12-01 00:00:00'),('11069',8.42,'2016-12-01 00:00:00'),('11072',11.24,'2016-12-01 00:00:00'),('11074',11.53,'2016-12-01 00:00:00'),('11078',3.91,'2016-12-01 00:00:00'),('11079',6.17,'2016-12-01 00:00:00'),('11080',54.10,'2016-12-01 00:00:00'),('1109',68.66,'2016-12-01 00:00:00'),('11090',58.12,'2016-12-01 00:00:00'),('11116',87.92,'2016-12-01 00:00:00'),('11117',29.67,'2016-12-01 00:00:00'),('11118',87.92,'2016-12-01 00:00:00'),('11119',164.85,'2016-12-01 00:00:00'),('11120',87.92,'2016-12-01 00:00:00'),('11121',29.67,'2016-12-01 00:00:00'),('11128',68.66,'2016-12-01 00:00:00'),('1113',87.48,'2016-12-01 00:00:00'),('11140',106.63,'2016-12-01 00:00:00'),('11141',36.70,'2016-12-01 00:00:00'),('11142',48.92,'2016-12-01 00:00:00'),('1115',68.66,'2016-12-01 00:00:00'),('11166',49.93,'2016-12-01 00:00:00'),('11170',49.93,'2016-12-01 00:00:00'),('1118',82.03,'2016-12-01 00:00:00'),('11195',55.09,'2016-12-01 00:00:00'),('11227',5.87,'2016-12-01 00:00:00'),('11241',34.68,'2016-12-01 00:00:00'),('11269',110.85,'2016-12-01 00:00:00'),('11275',60.40,'2016-12-01 00:00:00'),('11283',19.17,'2016-12-01 00:00:00'),('11287',9.83,'2016-12-01 00:00:00'),('11288',9.83,'2016-12-01 00:00:00'),('11289',9.83,'2016-12-01 00:00:00'),('11299',82.87,'2016-12-01 00:00:00'),('1512',14.59,'2016-12-01 00:00:00'),('1513',14.59,'2016-12-01 00:00:00'),('1693',55.09,'2016-12-01 00:00:00'),('1732',15.48,'2016-12-01 00:00:00'),('1748',6.85,'2016-12-01 00:00:00'),('1750',45.21,'2016-12-01 00:00:00'),('1751',45.21,'2016-12-01 00:00:00'),('1752',45.21,'2016-12-01 00:00:00'),('1753',45.21,'2016-12-01 00:00:00'),('1754',45.21,'2016-12-01 00:00:00'),('1761',2.30,'2016-12-01 00:00:00'),('1782',49.20,'2016-12-01 00:00:00'),('1999',55.09,'2016-12-01 00:00:00'),('2001',55.09,'2016-12-01 00:00:00'),('2141',93.06,'2016-12-01 00:00:00'),('2170',58.12,'2016-12-01 00:00:00'),('2190',52.13,'2016-12-01 00:00:00'),('2201',117.30,'2016-12-01 00:00:00'),('2232',84.74,'2016-12-01 00:00:00'),('2301',55.09,'2016-12-01 00:00:00'),('2407',68.66,'2016-12-01 00:00:00'),('2426',58.12,'2016-12-01 00:00:00'),('2505',34.68,'2016-12-01 00:00:00'),('2506',34.68,'2016-12-01 00:00:00'),('2507',19.97,'2016-12-01 00:00:00'),('2528',35.07,'2016-12-01 00:00:00'),('2529',9.25,'2016-12-01 00:00:00'),('2556',7.14,'2016-12-01 00:00:00'),('2580',5.87,'2016-12-01 00:00:00'),('2582',5.87,'2016-12-01 00:00:00'),('2584',9.65,'2016-12-01 00:00:00'),('2586',5.87,'2016-12-01 00:00:00'),('2594',17.14,'2016-12-01 00:00:00'),('2596',17.14,'2016-12-01 00:00:00'),('2624',55.33,'2016-12-01 00:00:00'),('2631',55.33,'2016-12-01 00:00:00'),('2820',45.21,'2016-12-01 00:00:00'),('2965',49.53,'2016-12-01 00:00:00'),('2987',9.10,'2016-12-01 00:00:00'),('2988',9.10,'2016-12-01 00:00:00'),('2989',9.10,'2016-12-01 00:00:00'),('3081',75.52,'2016-12-01 00:00:00'),('3092',75.52,'2016-12-01 00:00:00'),('3096',75.52,'2016-12-01 00:00:00'),('3101',21.82,'2016-12-01 00:00:00'),('3107',21.82,'2016-12-01 00:00:00'),('3113',75.52,'2016-12-01 00:00:00'),('3145',36.24,'2016-12-01 00:00:00'),('3165',9.10,'2016-12-01 00:00:00'),('3176',83.81,'2016-12-01 00:00:00'),('3196',64.47,'2016-12-01 00:00:00'),('3222',15.98,'2016-12-01 00:00:00'),('3269',83.81,'2016-12-01 00:00:00'),('3274',128.40,'2016-12-01 00:00:00'),('3276',128.40,'2016-12-01 00:00:00'),('3304',22.81,'2016-12-01 00:00:00'),('3309',21.11,'2016-12-01 00:00:00'),('3434',67.66,'2016-12-01 00:00:00'),('3435',67.66,'2016-12-01 00:00:00'),('3436',34.05,'2016-12-01 00:00:00'),('3442',34.05,'2016-12-01 00:00:00'),('3450',36.70,'2016-12-01 00:00:00'),('3465',107.80,'2016-12-01 00:00:00'),('3466',107.80,'2016-12-01 00:00:00'),('3483',86.27,'2016-12-01 00:00:00'),('3500',6.65,'2016-12-01 00:00:00'),('3576',117.35,'2016-12-01 00:00:00'),('3612',83.81,'2016-12-01 00:00:00'),('3626',6.49,'2016-12-01 00:00:00'),('3627',6.31,'2016-12-01 00:00:00'),('3744',13.35,'2016-12-01 00:00:00'),('3746',11.51,'2016-12-01 00:00:00'),('3747',4.92,'2016-12-01 00:00:00'),('3750',9.09,'2016-12-01 00:00:00'),('3777',5.29,'2016-12-01 00:00:00'),('3786',5.87,'2016-12-01 00:00:00'),('3789',5.87,'2016-12-01 00:00:00'),('3792',5.87,'2016-12-01 00:00:00'),('3870',4.92,'2016-12-01 00:00:00'),('3871',4.92,'2016-12-01 00:00:00'),('3880',33.09,'2016-12-01 00:00:00'),('397',9.11,'2016-12-01 00:00:00'),('4013',2.62,'2016-12-01 00:00:00'),('4220',145.21,'2016-12-01 00:00:00'),('4266',96.72,'2016-12-01 00:00:00'),('4303',5.68,'2016-12-01 00:00:00'),('4305',5.68,'2016-12-01 00:00:00'),('4369',23.06,'2016-12-01 00:00:00'),('4390',10.91,'2016-12-01 00:00:00'),('4391',10.91,'2016-12-01 00:00:00'),('4392',10.91,'2016-12-01 00:00:00'),('4393',10.91,'2016-12-01 00:00:00'),('4680',58.12,'2016-12-01 00:00:00'),('4681',58.12,'2016-12-01 00:00:00'),('4682',58.12,'2016-12-01 00:00:00'),('4683',58.12,'2016-12-01 00:00:00'),('4700',14.59,'2016-12-01 00:00:00'),('4702',14.59,'2016-12-01 00:00:00'),('4705',14.59,'2016-12-01 00:00:00'),('4706',14.59,'2016-12-01 00:00:00'),('4710',43.74,'2016-12-01 00:00:00'),('4713',67.66,'2016-12-01 00:00:00'),('4848',9.10,'2016-12-01 00:00:00'),('4913',64.47,'2016-12-01 00:00:00'),('4942',29.81,'2016-12-01 00:00:00'),('5111',83.81,'2016-12-01 00:00:00'),('5133',68.66,'2016-12-01 00:00:00'),('5312',7.14,'2016-12-01 00:00:00'),('5342',6.08,'2016-12-01 00:00:00'),('5343',6.08,'2016-12-01 00:00:00'),('5344',6.08,'2016-12-01 00:00:00'),('5345',8.42,'2016-12-01 00:00:00'),('5346',8.42,'2016-12-01 00:00:00'),('5347',8.42,'2016-12-01 00:00:00'),('5348',8.42,'2016-12-01 00:00:00'),('5356',4.06,'2016-12-01 00:00:00'),('5360',4.06,'2016-12-01 00:00:00'),('5669',9.94,'2016-12-01 00:00:00'),('5670',28.06,'2016-12-01 00:00:00'),('5697',9.97,'2016-12-01 00:00:00'),('5856',60.41,'2016-12-01 00:00:00'),('5857',60.41,'2016-12-01 00:00:00'),('5871',38.55,'2016-12-01 00:00:00'),('5873',38.55,'2016-12-01 00:00:00'),('6013',87.48,'2016-12-01 00:00:00'),('6020',52.47,'2016-12-01 00:00:00'),('6023',23.06,'2016-12-01 00:00:00'),('6024',23.06,'2016-12-01 00:00:00'),('6072',128.40,'2016-12-01 00:00:00'),('6074',128.40,'2016-12-01 00:00:00'),('6140',9.09,'2016-12-01 00:00:00'),('6141',82.08,'2016-12-01 00:00:00'),('6167',61.97,'2016-12-01 00:00:00'),('6171',55.33,'2016-12-01 00:00:00'),('6178',55.09,'2016-12-01 00:00:00'),('6179',12.87,'2016-12-01 00:00:00'),('6183',55.09,'2016-12-01 00:00:00'),('6196',5.03,'2016-12-01 00:00:00'),('6364',36.70,'2016-12-01 00:00:00'),('6365',36.70,'2016-12-01 00:00:00'),('6366',36.70,'2016-12-01 00:00:00'),('6408',77.85,'2016-12-01 00:00:00'),('6596',9.10,'2016-12-01 00:00:00'),('6611',28.01,'2016-12-01 00:00:00'),('6626',5.87,'2016-12-01 00:00:00'),('6627',5.87,'2016-12-01 00:00:00'),('6672',14.70,'2016-12-01 00:00:00'),('6673',14.70,'2016-12-01 00:00:00'),('6691',9.89,'2016-12-01 00:00:00'),('6692',25.16,'2016-12-01 00:00:00'),('6768',9.04,'2016-12-01 00:00:00'),('6770',9.04,'2016-12-01 00:00:00'),('6803',16.20,'2016-12-01 00:00:00'),('6805',14.65,'2016-12-01 00:00:00'),('6808',17.06,'2016-12-01 00:00:00'),('6900',49.70,'2016-12-01 00:00:00'),('6901',49.70,'2016-12-01 00:00:00'),('6906',49.70,'2016-12-01 00:00:00'),('6907',49.70,'2016-12-01 00:00:00'),('6934',49.70,'2016-12-01 00:00:00'),('6973',11.51,'2016-12-01 00:00:00'),('7048',5.49,'2016-12-01 00:00:00'),('7049',14.34,'2016-12-01 00:00:00'),('7137',13.35,'2016-12-01 00:00:00'),('7142',13.35,'2016-12-01 00:00:00'),('7167',11.51,'2016-12-01 00:00:00'),('7168',11.51,'2016-12-01 00:00:00'),('7174',11.51,'2016-12-01 00:00:00'),('7198',15.48,'2016-12-01 00:00:00'),('7201',9.34,'2016-12-01 00:00:00'),('7202',9.34,'2016-12-01 00:00:00'),('7203',9.34,'2016-12-01 00:00:00'),('7205',9.34,'2016-12-01 00:00:00'),('7208',19.95,'2016-12-01 00:00:00'),('7227',113.67,'2016-12-01 00:00:00'),('7250',4.01,'2016-12-01 00:00:00'),('7251',11.27,'2016-12-01 00:00:00'),('7324',58.12,'2016-12-01 00:00:00'),('7351',60.40,'2016-12-01 00:00:00'),('7390',35.07,'2016-12-01 00:00:00'),('7463',6.84,'2016-12-01 00:00:00'),('7464',6.84,'2016-12-01 00:00:00'),('7466',12.24,'2016-12-01 00:00:00'),('7467',12.24,'2016-12-01 00:00:00'),('7468',21.89,'2016-12-01 00:00:00'),('7469',261.88,'2016-12-01 00:00:00'),('7568',8.43,'2016-12-01 00:00:00'),('7754',4.92,'2016-12-01 00:00:00'),('7893',44.36,'2016-12-01 00:00:00'),('7895',261.88,'2016-12-01 00:00:00'),('8494',261.88,'2016-12-01 00:00:00'),('8649',53.17,'2016-12-01 00:00:00'),('8721',6.63,'2016-12-01 00:00:00'),('8722',15.08,'2016-12-01 00:00:00'),('8794',22.35,'2016-12-01 00:00:00'),('8821',9.96,'2016-12-01 00:00:00'),('8887',28.72,'2016-12-01 00:00:00'),('9302',9.04,'2016-12-01 00:00:00'),('9304',9.04,'2016-12-01 00:00:00'),('9305',9.04,'2016-12-01 00:00:00'),('9312',9.04,'2016-12-01 00:00:00'),('9327',9.03,'2016-12-01 00:00:00'),('9341',9.98,'2016-12-01 00:00:00'),('9360',8.26,'2016-12-01 00:00:00'),('9361',8.26,'2016-12-01 00:00:00'),('9394',8.39,'2016-12-01 00:00:00'),('9399',20.37,'2016-12-01 00:00:00'),('9416',11.87,'2016-12-01 00:00:00'),('9419',6.85,'2016-12-01 00:00:00'),('9461',8.77,'2016-12-01 00:00:00'),('9462',23.67,'2016-12-01 00:00:00'),('9463',10.27,'2016-12-01 00:00:00'),('9464',27.38,'2016-12-01 00:00:00'),('9472',0.65,'2016-12-01 00:00:00'),('9509',24.93,'2016-12-01 00:00:00'),('9537',9.10,'2016-12-01 00:00:00'),('9540',5.87,'2016-12-01 00:00:00'),('9551',5.03,'2016-12-01 00:00:00'),('9600',16.70,'2016-12-01 00:00:00'),('9626',9.11,'2016-12-01 00:00:00'),('9627',21.70,'2016-12-01 00:00:00'),('9660',11.53,'2016-12-01 00:00:00'),('9880',68.66,'2016-12-01 00:00:00'),('9916',15.93,'2016-12-01 00:00:00'),('9917',15.93,'2016-12-01 00:00:00'),('9919',9.09,'2016-12-01 00:00:00'),('9949',7.79,'2016-12-01 00:00:00'),('9963',5.68,'2016-12-01 00:00:00'),('9964',5.69,'2016-12-01 00:00:00'),('9978',7.85,'2016-12-01 00:00:00'),('9991',16.70,'2016-12-01 00:00:00'),('9992',8.32,'2016-12-01 00:00:00'),('9994',9.71,'2016-12-01 00:00:00'),('9995',25.66,'2016-12-01 00:00:00'),('9996',10.10,'2016-12-01 00:00:00');
/*!40000 ALTER TABLE `ITEMCOST` ENABLE KEYS */;
UNLOCK TABLES;

--
-- Table structure for table `ITEMFAMILY`
--

DROP TABLE IF EXISTS `ITEMFAMILY`;
/*!40101 SET @saved_cs_client     = @@character_set_client */;
/*!40101 SET character_set_client = utf8 */;
CREATE TABLE `ITEMFAMILY` (
  `ITEMFAMILYID` varchar(20) CHARACTER SET utf8 NOT NULL,
  `ITEMFAMILYNAME` varchar(100) CHARACTER SET utf8 NOT NULL,
  PRIMARY KEY (`ITEMFAMILYID`)
) ENGINE=InnoDB DEFAULT CHARSET=utf8mb4;
/*!40101 SET character_set_client = @saved_cs_client */;

--
-- Dumping data for table `ITEMFAMILY`
--

LOCK TABLES `ITEMFAMILY` WRITE;
/*!40000 ALTER TABLE `ITEMFAMILY` DISABLE KEYS */;
INSERT INTO `ITEMFAMILY` VALUES ('01','ARCOR CHOCOLATES'),('02','BAGLEY'),('03','ARCOR CARAMELOS'),('04','ARCOR GALLETITAS');
/*!40000 ALTER TABLE `ITEMFAMILY` ENABLE KEYS */;
UNLOCK TABLES;

--
-- Table structure for table `ITEMGROUP`
--

DROP TABLE IF EXISTS `ITEMGROUP`;
/*!40101 SET @saved_cs_client     = @@character_set_client */;
/*!40101 SET character_set_client = utf8 */;
CREATE TABLE `ITEMGROUP` (
  `ITEMGROUPID` varchar(20) CHARACTER SET utf8 NOT NULL,
  `ITEMGROUPNAME` varchar(100) CHARACTER SET utf8 NOT NULL,
  `ITEMFAMILYID` varchar(20) CHARACTER SET utf8 NOT NULL,
  PRIMARY KEY (`ITEMGROUPID`),
  KEY `ITEMGROUP_ITEMFAMILY` (`ITEMFAMILYID`),
  CONSTRAINT `ITEMGROUP_ITEMFAMILY` FOREIGN KEY (`ITEMFAMILYID`) REFERENCES `ITEMFAMILY` (`ITEMFAMILYID`)
) ENGINE=InnoDB DEFAULT CHARSET=utf8mb4;
/*!40101 SET character_set_client = @saved_cs_client */;

--
-- Dumping data for table `ITEMGROUP`
--

LOCK TABLES `ITEMGROUP` WRITE;
/*!40000 ALTER TABLE `ITEMGROUP` DISABLE KEYS */;
INSERT INTO `ITEMGROUP` VALUES ('01','CHICLES POOSH','03'),('02','GODET CHOCOLATE TAZA','01'),('03','TOFI CHOCOLATES','01'),('04','AGUILA BAÑOS DE REPOSTERIA','01'),('05','AGUILA CHOCOLATE TAZA','01'),('06','AGUILA CHOCOLITOS','01'),('07','AGUILA D´OR','01'),('08','AGUILA MINITORTA ALFAJOR','01'),('09','ARCOR ALF. ARROZ CEREAL MIX','01'),('10','ARCOR BOCADITOS','03'),('11','ARCOR CEREAL MIX','01'),('12','ARCOR CEREAL MIX RELL.','01'),('13','ARCOR CHOCOLATES','01'),('14','ARCOR CHUPETIN MR. POPS ESFERICO','03'),('15','ARCOR CHUPETIN MR. POPS EVOLUTION','03'),('16','ARCOR COLADOS DUROS CRISTAL','03'),('17','ARCOR COLADOS DUROS LECHE','03'),('18','ARCOR COLADOS LECHE','03'),('19','ARCOR DELICIAS','03'),('20','ARCOR FIZZ','03'),('21','ARCOR MASTICABLES','03'),('22','ARCOR RELLENOS FRUTALES','03'),('23','ARCOR RELLENOS MIEL','03'),('24','BAGLEY ALFAJORES','01'),('25','BAGLEY ALFAJORES - LINEA SER','01'),('26','BAGLEY BARRAS - LINEA SER','01'),('27','BOCADITOS CABSHA','01'),('28','BOMBONES BON O BON','01'),('29','BON O BON - AGUILA CREMA','01'),('30','BON O BON ALFAJOR','01'),('31','BON O BON ALFAJOR TRIPLE','01'),('32','CARAMELOS DE GOMA MOGUL AASS','03'),('33','CARAMELOS DE GOMA MOGUL AASS - DOY PACK','03'),('34','CARAMELOS DE GOMA MOGUL MINO','03'),('35','CARAMELOS DE GOMA MOGUL X 1K','03'),('36','CARAMELOS DE GOMA MOGUL X 1K (POTE)','03'),('37','CARAMELOS DE GOMA MOGUL X 500G','03'),('38','CEREAL MIX','04'),('39','CEREAL TORTUGUITA','01'),('40','CHICLES CONFITADOS ARCOR','03'),('41','CHOCOCHIPS PAQUETE','04'),('42','CHOCOLATE  ARCOR','01'),('43','CITOS','01'),('44','COFLER AIREADO 100 GR.','01'),('45','COFLER AIREADO 27 GR.','01'),('46','COFLER AIREADO 55 GR.','01'),('47','COFLER ALFAJOR','01'),('48','COFLER BLOCK','01'),('49','COFLER CUBANITOS','01'),('50','COFLER EXTRA BARRAS','01'),('51','COFLER MACIZO 100 GR.','01'),('52','COFLER MACIZO 170 GR.','01'),('53','COFLER MACIZO 300 GR.','01'),('54','COFLER MACIZO 55 GR.','01'),('55','COFLER RELLENOS','01'),('56','COFLER SUPREME','01'),('57','CRACKERS/CEREALES','02'),('58','DIVERSION PAQUETE','04'),('59','DULCES RELLENAS','02'),('60','DULCES SECAS','02'),('61','FORMIS','04'),('62','GODY CHOC.C/FIGURAS','01'),('63','HOGAREÑAS PAQUETE','04'),('64','HUEVO TOYS','01'),('65','LINEA SER','02'),('66','MACUCAS PAQUETE','04'),('67','MANA PAQUETE','04'),('68','MANA RELLENA PAQUETE','04'),('69','MENTHO PLUS','03'),('70','MENTHO PLUS SIN AZUCAR','03'),('71','MOGUL LICENCIA MICKEY','03'),('72','OBLEAS','01'),('73','OBLEAS','02'),('74','ROCKLETS','01'),('75','SALADIX ESTUCHE','04'),('76','SERRANITAS','04'),('77','SNACKS','02'),('78','SNACKS BON O BON','01'),('79','TOFI ALFAJOR TRIPLE','01'),('80','TOP LINE CONFITADO SIN AZUCAR','03'),('81','TOP LINE ORIGINAL MINT','03'),('82','TOP LINE TABLETA','03'),('83','TOP LINE TABLETA 7','03'),('84','TOP LINE TABLETA 7 AQUA','03'),('85','TOP LINE TABLETA 7 MICRO','03'),('86','TORTITAS PAQUETE','04'),('87','TURRON OBLEA ARCOR','03');
/*!40000 ALTER TABLE `ITEMGROUP` ENABLE KEYS */;
UNLOCK TABLES;

--
-- Table structure for table `LISTHEADER`
--

DROP TABLE IF EXISTS `LISTHEADER`;
/*!40101 SET @saved_cs_client     = @@character_set_client */;
/*!40101 SET character_set_client = utf8 */;
CREATE TABLE `LISTHEADER` (
  `LISTID` int(11) NOT NULL AUTO_INCREMENT,
  `LISTNAME` varchar(100) CHARACTER SET utf8 NOT NULL,
  `LISTMARGIN` double NOT NULL,
  PRIMARY KEY (`LISTID`)
) ENGINE=InnoDB AUTO_INCREMENT=3 DEFAULT CHARSET=utf8mb4;
/*!40101 SET character_set_client = @saved_cs_client */;

--
-- Dumping data for table `LISTHEADER`
--

LOCK TABLES `LISTHEADER` WRITE;
/*!40000 ALTER TABLE `LISTHEADER` DISABLE KEYS */;
INSERT INTO `LISTHEADER` VALUES (1,'Lista 6',6),(2,'Lista 10',10);
/*!40000 ALTER TABLE `LISTHEADER` ENABLE KEYS */;
UNLOCK TABLES;

--
-- Table structure for table `LISTLINE`
--

DROP TABLE IF EXISTS `LISTLINE`;
/*!40101 SET @saved_cs_client     = @@character_set_client */;
/*!40101 SET character_set_client = utf8 */;
CREATE TABLE `LISTLINE` (
  `LISTID` int(11) NOT NULL,
  `ITEMID` varchar(10) CHARACTER SET utf8 NOT NULL,
  `PRICE` decimal(10,3) NOT NULL,
  `MODIFIEDAT` datetime NOT NULL DEFAULT CURRENT_TIMESTAMP,
  PRIMARY KEY (`LISTID`,`ITEMID`),
  KEY `LISTLINE_ITEM` (`ITEMID`),
  CONSTRAINT `LISTLINE_ITEM` FOREIGN KEY (`ITEMID`) REFERENCES `ITEM` (`ITEMID`),
  CONSTRAINT `LISTLINE_LISTHEADER` FOREIGN KEY (`LISTID`) REFERENCES `LISTHEADER` (`LISTID`)
) ENGINE=InnoDB DEFAULT CHARSET=utf8mb4;
/*!40101 SET character_set_client = @saved_cs_client */;

--
-- Dumping data for table `LISTLINE`
--

LOCK TABLES `LISTLINE` WRITE;
/*!40000 ALTER TABLE `LISTLINE` DISABLE KEYS */;
INSERT INTO `LISTLINE` VALUES (1,'10006',7.780,'2016-12-01 00:00:00'),(1,'10007',7.780,'2016-12-01 00:00:00'),(1,'10008',7.780,'2016-12-01 00:00:00'),(1,'1002',6.220,'2016-12-01 00:00:00'),(1,'10022',26.530,'2016-12-01 00:00:00'),(1,'10023',14.490,'2016-12-01 00:00:00'),(1,'10024',26.530,'2016-12-01 00:00:00'),(1,'10025',14.490,'2016-12-01 00:00:00'),(1,'10033',9.620,'2016-12-01 00:00:00'),(1,'10053',52.680,'2016-12-01 00:00:00'),(1,'10056',76.190,'2016-12-01 00:00:00'),(1,'10057',61.610,'2016-12-01 00:00:00'),(1,'10081',21.170,'2016-12-01 00:00:00'),(1,'1009',96.940,'2016-12-01 00:00:00'),(1,'10105',72.780,'2016-12-01 00:00:00'),(1,'10107',47.920,'2016-12-01 00:00:00'),(1,'10108',47.920,'2016-12-01 00:00:00'),(1,'10110',13.680,'2016-12-01 00:00:00'),(1,'10136',47.920,'2016-12-01 00:00:00'),(1,'10160',33.530,'2016-12-01 00:00:00'),(1,'10161',36.760,'2016-12-01 00:00:00'),(1,'10170',12.210,'2016-12-01 00:00:00'),(1,'10171',17.840,'2016-12-01 00:00:00'),(1,'10172',12.210,'2016-12-01 00:00:00'),(1,'10173',9.620,'2016-12-01 00:00:00'),(1,'10174',9.620,'2016-12-01 00:00:00'),(1,'10176',30.800,'2016-12-01 00:00:00'),(1,'10183',58.400,'2016-12-01 00:00:00'),(1,'10197',15.480,'2016-12-01 00:00:00'),(1,'10204',14.430,'2016-12-01 00:00:00'),(1,'10218',86.730,'2016-12-01 00:00:00'),(1,'10219',86.730,'2016-12-01 00:00:00'),(1,'10220',86.730,'2016-12-01 00:00:00'),(1,'10221',86.730,'2016-12-01 00:00:00'),(1,'10230',28.190,'2016-12-01 00:00:00'),(1,'10241',33.880,'2016-12-01 00:00:00'),(1,'10242',33.880,'2016-12-01 00:00:00'),(1,'10243',134.800,'2016-12-01 00:00:00'),(1,'10244',33.880,'2016-12-01 00:00:00'),(1,'10245',30.730,'2016-12-01 00:00:00'),(1,'10246',33.880,'2016-12-01 00:00:00'),(1,'10269',7.420,'2016-12-01 00:00:00'),(1,'10275',16.890,'2016-12-01 00:00:00'),(1,'10282',50.780,'2016-12-01 00:00:00'),(1,'10288',6.880,'2016-12-01 00:00:00'),(1,'10314',10.910,'2016-12-01 00:00:00'),(1,'10315',10.910,'2016-12-01 00:00:00'),(1,'10323',92.730,'2016-12-01 00:00:00'),(1,'10324',15.540,'2016-12-01 00:00:00'),(1,'10335',19.030,'2016-12-01 00:00:00'),(1,'10336',7.750,'2016-12-01 00:00:00'),(1,'10337',7.750,'2016-12-01 00:00:00'),(1,'10338',7.750,'2016-12-01 00:00:00'),(1,'10339',7.750,'2016-12-01 00:00:00'),(1,'10340',14.480,'2016-12-01 00:00:00'),(1,'10341',14.480,'2016-12-01 00:00:00'),(1,'10342',14.480,'2016-12-01 00:00:00'),(1,'10343',14.480,'2016-12-01 00:00:00'),(1,'10344',25.330,'2016-12-01 00:00:00'),(1,'10345',25.330,'2016-12-01 00:00:00'),(1,'10346',25.330,'2016-12-01 00:00:00'),(1,'10347',25.330,'2016-12-01 00:00:00'),(1,'10348',14.490,'2016-12-01 00:00:00'),(1,'10350',14.490,'2016-12-01 00:00:00'),(1,'10352',14.490,'2016-12-01 00:00:00'),(1,'10353',14.490,'2016-12-01 00:00:00'),(1,'10355',24.360,'2016-12-01 00:00:00'),(1,'10356',24.360,'2016-12-01 00:00:00'),(1,'10357',24.360,'2016-12-01 00:00:00'),(1,'10358',37.920,'2016-12-01 00:00:00'),(1,'10360',37.920,'2016-12-01 00:00:00'),(1,'10361',56.580,'2016-12-01 00:00:00'),(1,'10362',76.860,'2016-12-01 00:00:00'),(1,'10367',19.680,'2016-12-01 00:00:00'),(1,'10369',19.680,'2016-12-01 00:00:00'),(1,'10370',19.680,'2016-12-01 00:00:00'),(1,'10371',19.680,'2016-12-01 00:00:00'),(1,'10374',53.600,'2016-12-01 00:00:00'),(1,'10375',7.570,'2016-12-01 00:00:00'),(1,'10380',114.270,'2016-12-01 00:00:00'),(1,'10383',5.330,'2016-12-01 00:00:00'),(1,'10384',5.330,'2016-12-01 00:00:00'),(1,'10393',113.030,'2016-12-01 00:00:00'),(1,'1042',81.960,'2016-12-01 00:00:00'),(1,'10424',52.680,'2016-12-01 00:00:00'),(1,'10425',88.840,'2016-12-01 00:00:00'),(1,'10426',134.800,'2016-12-01 00:00:00'),(1,'10427',134.800,'2016-12-01 00:00:00'),(1,'10431',134.800,'2016-12-01 00:00:00'),(1,'10441',6.220,'2016-12-01 00:00:00'),(1,'10461',38.900,'2016-12-01 00:00:00'),(1,'10480',36.760,'2016-12-01 00:00:00'),(1,'10532',62.730,'2016-12-01 00:00:00'),(1,'10544',72.780,'2016-12-01 00:00:00'),(1,'10574',39.970,'2016-12-01 00:00:00'),(1,'10577',47.920,'2016-12-01 00:00:00'),(1,'10581',9.940,'2016-12-01 00:00:00'),(1,'10582',38.830,'2016-12-01 00:00:00'),(1,'10588',58.400,'2016-12-01 00:00:00'),(1,'1060',102.270,'2016-12-01 00:00:00'),(1,'1064',78.680,'2016-12-01 00:00:00'),(1,'10674',91.450,'2016-12-01 00:00:00'),(1,'10695',87.840,'2016-12-01 00:00:00'),(1,'10698',87.840,'2016-12-01 00:00:00'),(1,'10699',57.360,'2016-12-01 00:00:00'),(1,'10701',87.840,'2016-12-01 00:00:00'),(1,'10712',87.840,'2016-12-01 00:00:00'),(1,'10730',60.600,'2016-12-01 00:00:00'),(1,'10731',18.790,'2016-12-01 00:00:00'),(1,'10734',59.790,'2016-12-01 00:00:00'),(1,'10736',72.780,'2016-12-01 00:00:00'),(1,'10738',38.620,'2016-12-01 00:00:00'),(1,'10747',58.650,'2016-12-01 00:00:00'),(1,'10754',12.060,'2016-12-01 00:00:00'),(1,'10763',27.720,'2016-12-01 00:00:00'),(1,'10769',7.570,'2016-12-01 00:00:00'),(1,'10770',14.490,'2016-12-01 00:00:00'),(1,'10771',24.360,'2016-12-01 00:00:00'),(1,'10773',23.400,'2016-12-01 00:00:00'),(1,'10775',87.000,'2016-12-01 00:00:00'),(1,'10782',5.330,'2016-12-01 00:00:00'),(1,'10783',15.580,'2016-12-01 00:00:00'),(1,'10785',35.400,'2016-12-01 00:00:00'),(1,'10792',50.460,'2016-12-01 00:00:00'),(1,'10804',39.860,'2016-12-01 00:00:00'),(1,'10808',134.800,'2016-12-01 00:00:00'),(1,'10810',134.800,'2016-12-01 00:00:00'),(1,'10820',81.420,'2016-12-01 00:00:00'),(1,'1083',98.180,'2016-12-01 00:00:00'),(1,'10830',88.330,'2016-12-01 00:00:00'),(1,'10848',33.840,'2016-12-01 00:00:00'),(1,'10850',114.270,'2016-12-01 00:00:00'),(1,'10851',33.810,'2016-12-01 00:00:00'),(1,'10859',36.760,'2016-12-01 00:00:00'),(1,'10861',17.990,'2016-12-01 00:00:00'),(1,'10862',5.240,'2016-12-01 00:00:00'),(1,'10863',17.990,'2016-12-01 00:00:00'),(1,'10864',5.240,'2016-12-01 00:00:00'),(1,'10885',36.590,'2016-12-01 00:00:00'),(1,'10886',15.470,'2016-12-01 00:00:00'),(1,'10918',88.840,'2016-12-01 00:00:00'),(1,'10925',80.050,'2016-12-01 00:00:00'),(1,'10930',10.420,'2016-12-01 00:00:00'),(1,'10978',80.050,'2016-12-01 00:00:00'),(1,'10998',7.920,'2016-12-01 00:00:00'),(1,'10999',7.920,'2016-12-01 00:00:00'),(1,'1100',85.280,'2016-12-01 00:00:00'),(1,'11000',7.920,'2016-12-01 00:00:00'),(1,'11001',7.920,'2016-12-01 00:00:00'),(1,'11002',32.680,'2016-12-01 00:00:00'),(1,'11007',14.490,'2016-12-01 00:00:00'),(1,'11009',19.030,'2016-12-01 00:00:00'),(1,'11010',7.780,'2016-12-01 00:00:00'),(1,'11011',90.740,'2016-12-01 00:00:00'),(1,'11012',81.380,'2016-12-01 00:00:00'),(1,'11013',125.780,'2016-12-01 00:00:00'),(1,'11014',5.330,'2016-12-01 00:00:00'),(1,'11015',43.470,'2016-12-01 00:00:00'),(1,'11018',87.000,'2016-12-01 00:00:00'),(1,'11020',113.030,'2016-12-01 00:00:00'),(1,'11023',84.860,'2016-12-01 00:00:00'),(1,'11025',16.660,'2016-12-01 00:00:00'),(1,'11028',7.790,'2016-12-01 00:00:00'),(1,'11031',37.920,'2016-12-01 00:00:00'),(1,'11033',45.360,'2016-12-01 00:00:00'),(1,'11034',45.360,'2016-12-01 00:00:00'),(1,'11037',10.710,'2016-12-01 00:00:00'),(1,'11038',10.710,'2016-12-01 00:00:00'),(1,'11039',10.710,'2016-12-01 00:00:00'),(1,'1104',85.280,'2016-12-01 00:00:00'),(1,'11064',98.720,'2016-12-01 00:00:00'),(1,'11065',98.720,'2016-12-01 00:00:00'),(1,'11068',8.930,'2016-12-01 00:00:00'),(1,'11069',8.930,'2016-12-01 00:00:00'),(1,'11072',11.910,'2016-12-01 00:00:00'),(1,'11074',12.220,'2016-12-01 00:00:00'),(1,'11078',4.140,'2016-12-01 00:00:00'),(1,'11079',6.540,'2016-12-01 00:00:00'),(1,'11080',57.350,'2016-12-01 00:00:00'),(1,'1109',72.780,'2016-12-01 00:00:00'),(1,'11090',61.610,'2016-12-01 00:00:00'),(1,'11116',93.200,'2016-12-01 00:00:00'),(1,'11117',31.450,'2016-12-01 00:00:00'),(1,'11118',93.200,'2016-12-01 00:00:00'),(1,'11119',174.740,'2016-12-01 00:00:00'),(1,'11120',93.200,'2016-12-01 00:00:00'),(1,'11121',31.450,'2016-12-01 00:00:00'),(1,'11128',72.780,'2016-12-01 00:00:00'),(1,'1113',92.730,'2016-12-01 00:00:00'),(1,'11140',113.030,'2016-12-01 00:00:00'),(1,'11141',38.900,'2016-12-01 00:00:00'),(1,'11142',51.860,'2016-12-01 00:00:00'),(1,'1115',72.780,'2016-12-01 00:00:00'),(1,'11166',52.930,'2016-12-01 00:00:00'),(1,'11170',52.930,'2016-12-01 00:00:00'),(1,'1118',86.950,'2016-12-01 00:00:00'),(1,'11195',58.400,'2016-12-01 00:00:00'),(1,'11227',6.220,'2016-12-01 00:00:00'),(1,'11241',36.760,'2016-12-01 00:00:00'),(1,'11269',117.500,'2016-12-01 00:00:00'),(1,'11275',64.020,'2016-12-01 00:00:00'),(1,'11283',20.320,'2016-12-01 00:00:00'),(1,'11287',10.420,'2016-12-01 00:00:00'),(1,'11288',10.420,'2016-12-01 00:00:00'),(1,'11289',10.420,'2016-12-01 00:00:00'),(1,'11299',87.840,'2016-12-01 00:00:00'),(1,'1512',15.470,'2016-12-01 00:00:00'),(1,'1513',15.470,'2016-12-01 00:00:00'),(1,'1693',58.400,'2016-12-01 00:00:00'),(1,'1732',16.410,'2016-12-01 00:00:00'),(1,'1748',7.260,'2016-12-01 00:00:00'),(1,'1750',47.920,'2016-12-01 00:00:00'),(1,'1751',47.920,'2016-12-01 00:00:00'),(1,'1752',47.920,'2016-12-01 00:00:00'),(1,'1753',47.920,'2016-12-01 00:00:00'),(1,'1754',47.920,'2016-12-01 00:00:00'),(1,'1761',2.440,'2016-12-01 00:00:00'),(1,'1782',52.150,'2016-12-01 00:00:00'),(1,'1999',58.400,'2016-12-01 00:00:00'),(1,'2001',58.400,'2016-12-01 00:00:00'),(1,'2141',98.640,'2016-12-01 00:00:00'),(1,'2170',61.610,'2016-12-01 00:00:00'),(1,'2190',55.260,'2016-12-01 00:00:00'),(1,'2201',124.340,'2016-12-01 00:00:00'),(1,'2232',89.820,'2016-12-01 00:00:00'),(1,'2301',58.400,'2016-12-01 00:00:00'),(1,'2407',72.780,'2016-12-01 00:00:00'),(1,'2426',61.610,'2016-12-01 00:00:00'),(1,'2505',36.760,'2016-12-01 00:00:00'),(1,'2506',36.760,'2016-12-01 00:00:00'),(1,'2507',21.170,'2016-12-01 00:00:00'),(1,'2528',37.170,'2016-12-01 00:00:00'),(1,'2529',9.810,'2016-12-01 00:00:00'),(1,'2556',7.570,'2016-12-01 00:00:00'),(1,'2580',6.220,'2016-12-01 00:00:00'),(1,'2582',6.220,'2016-12-01 00:00:00'),(1,'2584',10.230,'2016-12-01 00:00:00'),(1,'2586',6.220,'2016-12-01 00:00:00'),(1,'2594',18.170,'2016-12-01 00:00:00'),(1,'2596',18.170,'2016-12-01 00:00:00'),(1,'2624',58.650,'2016-12-01 00:00:00'),(1,'2631',58.650,'2016-12-01 00:00:00'),(1,'2820',47.920,'2016-12-01 00:00:00'),(1,'2965',52.500,'2016-12-01 00:00:00'),(1,'2987',9.650,'2016-12-01 00:00:00'),(1,'2988',9.650,'2016-12-01 00:00:00'),(1,'2989',9.650,'2016-12-01 00:00:00'),(1,'3081',80.050,'2016-12-01 00:00:00'),(1,'3092',80.050,'2016-12-01 00:00:00'),(1,'3096',80.050,'2016-12-01 00:00:00'),(1,'3101',23.130,'2016-12-01 00:00:00'),(1,'3107',23.130,'2016-12-01 00:00:00'),(1,'3113',80.050,'2016-12-01 00:00:00'),(1,'3145',38.410,'2016-12-01 00:00:00'),(1,'3165',9.650,'2016-12-01 00:00:00'),(1,'3176',88.840,'2016-12-01 00:00:00'),(1,'3196',68.340,'2016-12-01 00:00:00'),(1,'3222',16.940,'2016-12-01 00:00:00'),(1,'3269',88.840,'2016-12-01 00:00:00'),(1,'3274',136.100,'2016-12-01 00:00:00'),(1,'3276',136.100,'2016-12-01 00:00:00'),(1,'3304',24.180,'2016-12-01 00:00:00'),(1,'3309',22.380,'2016-12-01 00:00:00'),(1,'3434',71.720,'2016-12-01 00:00:00'),(1,'3435',71.720,'2016-12-01 00:00:00'),(1,'3436',36.090,'2016-12-01 00:00:00'),(1,'3442',36.090,'2016-12-01 00:00:00'),(1,'3450',38.900,'2016-12-01 00:00:00'),(1,'3465',114.270,'2016-12-01 00:00:00'),(1,'3466',114.270,'2016-12-01 00:00:00'),(1,'3483',91.450,'2016-12-01 00:00:00'),(1,'3500',7.050,'2016-12-01 00:00:00'),(1,'3576',124.390,'2016-12-01 00:00:00'),(1,'3612',88.840,'2016-12-01 00:00:00'),(1,'3626',6.880,'2016-12-01 00:00:00'),(1,'3627',6.690,'2016-12-01 00:00:00'),(1,'3744',14.150,'2016-12-01 00:00:00'),(1,'3746',12.200,'2016-12-01 00:00:00'),(1,'3747',5.220,'2016-12-01 00:00:00'),(1,'3750',9.640,'2016-12-01 00:00:00'),(1,'3777',5.610,'2016-12-01 00:00:00'),(1,'3786',6.220,'2016-12-01 00:00:00'),(1,'3789',6.220,'2016-12-01 00:00:00'),(1,'3792',6.220,'2016-12-01 00:00:00'),(1,'3870',5.220,'2016-12-01 00:00:00'),(1,'3871',5.220,'2016-12-01 00:00:00'),(1,'3880',35.080,'2016-12-01 00:00:00'),(1,'397',9.660,'2016-12-01 00:00:00'),(1,'4013',2.880,'2016-12-01 00:00:00'),(1,'4220',153.920,'2016-12-01 00:00:00'),(1,'4266',102.520,'2016-12-01 00:00:00'),(1,'4303',6.020,'2016-12-01 00:00:00'),(1,'4305',6.020,'2016-12-01 00:00:00'),(1,'4369',24.440,'2016-12-01 00:00:00'),(1,'4390',11.560,'2016-12-01 00:00:00'),(1,'4391',11.560,'2016-12-01 00:00:00'),(1,'4392',11.560,'2016-12-01 00:00:00'),(1,'4393',11.560,'2016-12-01 00:00:00'),(1,'4680',61.610,'2016-12-01 00:00:00'),(1,'4681',61.610,'2016-12-01 00:00:00'),(1,'4682',61.610,'2016-12-01 00:00:00'),(1,'4683',61.610,'2016-12-01 00:00:00'),(1,'4700',15.470,'2016-12-01 00:00:00'),(1,'4702',15.470,'2016-12-01 00:00:00'),(1,'4705',15.470,'2016-12-01 00:00:00'),(1,'4706',15.470,'2016-12-01 00:00:00'),(1,'4710',46.360,'2016-12-01 00:00:00'),(1,'4713',71.720,'2016-12-01 00:00:00'),(1,'4848',9.650,'2016-12-01 00:00:00'),(1,'4913',68.340,'2016-12-01 00:00:00'),(1,'4942',31.600,'2016-12-01 00:00:00'),(1,'5111',88.840,'2016-12-01 00:00:00'),(1,'5133',72.780,'2016-12-01 00:00:00'),(1,'5312',7.570,'2016-12-01 00:00:00'),(1,'5342',6.440,'2016-12-01 00:00:00'),(1,'5343',6.440,'2016-12-01 00:00:00'),(1,'5344',6.440,'2016-12-01 00:00:00'),(1,'5345',8.930,'2016-12-01 00:00:00'),(1,'5346',8.930,'2016-12-01 00:00:00'),(1,'5347',8.930,'2016-12-01 00:00:00'),(1,'5348',8.930,'2016-12-01 00:00:00'),(1,'5356',4.300,'2016-12-01 00:00:00'),(1,'5360',4.300,'2016-12-01 00:00:00'),(1,'5669',10.540,'2016-12-01 00:00:00'),(1,'5670',29.740,'2016-12-01 00:00:00'),(1,'5697',10.570,'2016-12-01 00:00:00'),(1,'5856',64.030,'2016-12-01 00:00:00'),(1,'5857',64.030,'2016-12-01 00:00:00'),(1,'5871',40.860,'2016-12-01 00:00:00'),(1,'5873',40.860,'2016-12-01 00:00:00'),(1,'6013',92.730,'2016-12-01 00:00:00'),(1,'6020',55.620,'2016-12-01 00:00:00'),(1,'6023',24.440,'2016-12-01 00:00:00'),(1,'6024',24.440,'2016-12-01 00:00:00'),(1,'6072',136.100,'2016-12-01 00:00:00'),(1,'6074',136.100,'2016-12-01 00:00:00'),(1,'6140',9.640,'2016-12-01 00:00:00'),(1,'6141',87.000,'2016-12-01 00:00:00'),(1,'6167',65.690,'2016-12-01 00:00:00'),(1,'6171',58.650,'2016-12-01 00:00:00'),(1,'6178',58.400,'2016-12-01 00:00:00'),(1,'6179',13.640,'2016-12-01 00:00:00'),(1,'6183',58.400,'2016-12-01 00:00:00'),(1,'6196',5.330,'2016-12-01 00:00:00'),(1,'6364',38.900,'2016-12-01 00:00:00'),(1,'6365',38.900,'2016-12-01 00:00:00'),(1,'6366',38.900,'2016-12-01 00:00:00'),(1,'6408',82.520,'2016-12-01 00:00:00'),(1,'6596',9.650,'2016-12-01 00:00:00'),(1,'6611',29.690,'2016-12-01 00:00:00'),(1,'6626',6.220,'2016-12-01 00:00:00'),(1,'6627',6.220,'2016-12-01 00:00:00'),(1,'6672',15.580,'2016-12-01 00:00:00'),(1,'6673',15.580,'2016-12-01 00:00:00'),(1,'6691',10.480,'2016-12-01 00:00:00'),(1,'6692',26.670,'2016-12-01 00:00:00'),(1,'6768',9.580,'2016-12-01 00:00:00'),(1,'6770',9.580,'2016-12-01 00:00:00'),(1,'6803',17.170,'2016-12-01 00:00:00'),(1,'6805',15.530,'2016-12-01 00:00:00'),(1,'6808',18.080,'2016-12-01 00:00:00'),(1,'6900',52.680,'2016-12-01 00:00:00'),(1,'6901',52.680,'2016-12-01 00:00:00'),(1,'6906',52.680,'2016-12-01 00:00:00'),(1,'6907',52.680,'2016-12-01 00:00:00'),(1,'6934',52.680,'2016-12-01 00:00:00'),(1,'6973',12.200,'2016-12-01 00:00:00'),(1,'7048',5.820,'2016-12-01 00:00:00'),(1,'7049',15.200,'2016-12-01 00:00:00'),(1,'7137',14.150,'2016-12-01 00:00:00'),(1,'7142',14.150,'2016-12-01 00:00:00'),(1,'7167',12.200,'2016-12-01 00:00:00'),(1,'7168',12.200,'2016-12-01 00:00:00'),(1,'7174',12.200,'2016-12-01 00:00:00'),(1,'7198',16.410,'2016-12-01 00:00:00'),(1,'7201',9.900,'2016-12-01 00:00:00'),(1,'7202',9.900,'2016-12-01 00:00:00'),(1,'7203',9.900,'2016-12-01 00:00:00'),(1,'7205',9.900,'2016-12-01 00:00:00'),(1,'7208',21.150,'2016-12-01 00:00:00'),(1,'7227',120.490,'2016-12-01 00:00:00'),(1,'7250',4.250,'2016-12-01 00:00:00'),(1,'7251',11.950,'2016-12-01 00:00:00'),(1,'7324',61.610,'2016-12-01 00:00:00'),(1,'7351',64.020,'2016-12-01 00:00:00'),(1,'7390',37.170,'2016-12-01 00:00:00'),(1,'7463',7.250,'2016-12-01 00:00:00'),(1,'7464',7.250,'2016-12-01 00:00:00'),(1,'7466',12.970,'2016-12-01 00:00:00'),(1,'7467',12.970,'2016-12-01 00:00:00'),(1,'7468',23.200,'2016-12-01 00:00:00'),(1,'7469',277.590,'2016-12-01 00:00:00'),(1,'7568',8.940,'2016-12-01 00:00:00'),(1,'7754',5.220,'2016-12-01 00:00:00'),(1,'7893',47.020,'2016-12-01 00:00:00'),(1,'7895',277.590,'2016-12-01 00:00:00'),(1,'8494',277.590,'2016-12-01 00:00:00'),(1,'8649',56.360,'2016-12-01 00:00:00'),(1,'8721',7.030,'2016-12-01 00:00:00'),(1,'8722',15.980,'2016-12-01 00:00:00'),(1,'8794',23.690,'2016-12-01 00:00:00'),(1,'8821',10.560,'2016-12-01 00:00:00'),(1,'8887',30.440,'2016-12-01 00:00:00'),(1,'9302',9.580,'2016-12-01 00:00:00'),(1,'9304',9.580,'2016-12-01 00:00:00'),(1,'9305',9.580,'2016-12-01 00:00:00'),(1,'9312',9.580,'2016-12-01 00:00:00'),(1,'9327',9.570,'2016-12-01 00:00:00'),(1,'9341',10.580,'2016-12-01 00:00:00'),(1,'9360',8.760,'2016-12-01 00:00:00'),(1,'9361',8.760,'2016-12-01 00:00:00'),(1,'9394',8.890,'2016-12-01 00:00:00'),(1,'9399',21.590,'2016-12-01 00:00:00'),(1,'9416',12.580,'2016-12-01 00:00:00'),(1,'9419',7.260,'2016-12-01 00:00:00'),(1,'9461',9.300,'2016-12-01 00:00:00'),(1,'9462',25.090,'2016-12-01 00:00:00'),(1,'9463',10.890,'2016-12-01 00:00:00'),(1,'9464',29.020,'2016-12-01 00:00:00'),(1,'9472',0.690,'2016-12-01 00:00:00'),(1,'9509',26.430,'2016-12-01 00:00:00'),(1,'9537',9.650,'2016-12-01 00:00:00'),(1,'9540',6.220,'2016-12-01 00:00:00'),(1,'9551',5.330,'2016-12-01 00:00:00'),(1,'9600',17.700,'2016-12-01 00:00:00'),(1,'9626',9.660,'2016-12-01 00:00:00'),(1,'9627',23.000,'2016-12-01 00:00:00'),(1,'9660',12.220,'2016-12-01 00:00:00'),(1,'9880',72.780,'2016-12-01 00:00:00'),(1,'9916',16.890,'2016-12-01 00:00:00'),(1,'9917',16.890,'2016-12-01 00:00:00'),(1,'9919',9.640,'2016-12-01 00:00:00'),(1,'9949',8.260,'2016-12-01 00:00:00'),(1,'9963',6.020,'2016-12-01 00:00:00'),(1,'9964',6.030,'2016-12-01 00:00:00'),(1,'9978',8.320,'2016-12-01 00:00:00'),(1,'9991',17.700,'2016-12-01 00:00:00'),(1,'9992',8.820,'2016-12-01 00:00:00'),(1,'9994',10.290,'2016-12-01 00:00:00'),(1,'9995',27.200,'2016-12-01 00:00:00'),(1,'9996',10.710,'2016-12-01 00:00:00'),(2,'10006',8.070,'2016-12-01 00:00:00'),(2,'10007',8.070,'2016-12-01 00:00:00'),(2,'10008',8.070,'2016-12-01 00:00:00'),(2,'1002',6.460,'2016-12-01 00:00:00'),(2,'10022',27.530,'2016-12-01 00:00:00'),(2,'10023',15.040,'2016-12-01 00:00:00'),(2,'10024',27.530,'2016-12-01 00:00:00'),(2,'10025',15.040,'2016-12-01 00:00:00'),(2,'10033',9.990,'2016-12-01 00:00:00'),(2,'10053',54.670,'2016-12-01 00:00:00'),(2,'10056',79.070,'2016-12-01 00:00:00'),(2,'10057',63.930,'2016-12-01 00:00:00'),(2,'10081',21.970,'2016-12-01 00:00:00'),(2,'1009',100.600,'2016-12-01 00:00:00'),(2,'10105',75.530,'2016-12-01 00:00:00'),(2,'10107',49.730,'2016-12-01 00:00:00'),(2,'10108',49.730,'2016-12-01 00:00:00'),(2,'10110',14.200,'2016-12-01 00:00:00'),(2,'10136',49.730,'2016-12-01 00:00:00'),(2,'10160',34.790,'2016-12-01 00:00:00'),(2,'10161',38.150,'2016-12-01 00:00:00'),(2,'10170',12.670,'2016-12-01 00:00:00'),(2,'10171',18.510,'2016-12-01 00:00:00'),(2,'10172',12.670,'2016-12-01 00:00:00'),(2,'10173',9.990,'2016-12-01 00:00:00'),(2,'10174',9.990,'2016-12-01 00:00:00'),(2,'10176',31.970,'2016-12-01 00:00:00'),(2,'10183',60.600,'2016-12-01 00:00:00'),(2,'10197',16.060,'2016-12-01 00:00:00'),(2,'10204',14.970,'2016-12-01 00:00:00'),(2,'10218',90.000,'2016-12-01 00:00:00'),(2,'10219',90.000,'2016-12-01 00:00:00'),(2,'10220',90.000,'2016-12-01 00:00:00'),(2,'10221',90.000,'2016-12-01 00:00:00'),(2,'10230',29.250,'2016-12-01 00:00:00'),(2,'10241',35.160,'2016-12-01 00:00:00'),(2,'10242',35.160,'2016-12-01 00:00:00'),(2,'10243',139.890,'2016-12-01 00:00:00'),(2,'10244',35.160,'2016-12-01 00:00:00'),(2,'10245',31.890,'2016-12-01 00:00:00'),(2,'10246',35.160,'2016-12-01 00:00:00'),(2,'10269',7.700,'2016-12-01 00:00:00'),(2,'10275',17.520,'2016-12-01 00:00:00'),(2,'10282',52.700,'2016-12-01 00:00:00'),(2,'10288',7.140,'2016-12-01 00:00:00'),(2,'10314',11.320,'2016-12-01 00:00:00'),(2,'10315',11.320,'2016-12-01 00:00:00'),(2,'10323',96.230,'2016-12-01 00:00:00'),(2,'10324',16.130,'2016-12-01 00:00:00'),(2,'10335',19.750,'2016-12-01 00:00:00'),(2,'10336',8.040,'2016-12-01 00:00:00'),(2,'10337',8.040,'2016-12-01 00:00:00'),(2,'10338',8.040,'2016-12-01 00:00:00'),(2,'10339',8.040,'2016-12-01 00:00:00'),(2,'10340',15.030,'2016-12-01 00:00:00'),(2,'10341',15.030,'2016-12-01 00:00:00'),(2,'10342',15.030,'2016-12-01 00:00:00'),(2,'10343',15.030,'2016-12-01 00:00:00'),(2,'10344',26.290,'2016-12-01 00:00:00'),(2,'10345',26.290,'2016-12-01 00:00:00'),(2,'10346',26.290,'2016-12-01 00:00:00'),(2,'10347',26.290,'2016-12-01 00:00:00'),(2,'10348',15.040,'2016-12-01 00:00:00'),(2,'10350',15.040,'2016-12-01 00:00:00'),(2,'10352',15.040,'2016-12-01 00:00:00'),(2,'10353',15.040,'2016-12-01 00:00:00'),(2,'10355',25.280,'2016-12-01 00:00:00'),(2,'10356',25.280,'2016-12-01 00:00:00'),(2,'10357',25.280,'2016-12-01 00:00:00'),(2,'10358',39.350,'2016-12-01 00:00:00'),(2,'10360',39.350,'2016-12-01 00:00:00'),(2,'10361',58.720,'2016-12-01 00:00:00'),(2,'10362',79.760,'2016-12-01 00:00:00'),(2,'10367',20.430,'2016-12-01 00:00:00'),(2,'10369',20.430,'2016-12-01 00:00:00'),(2,'10370',20.430,'2016-12-01 00:00:00'),(2,'10371',20.430,'2016-12-01 00:00:00'),(2,'10374',55.630,'2016-12-01 00:00:00'),(2,'10375',7.850,'2016-12-01 00:00:00'),(2,'10380',118.580,'2016-12-01 00:00:00'),(2,'10383',5.530,'2016-12-01 00:00:00'),(2,'10384',5.530,'2016-12-01 00:00:00'),(2,'10393',117.290,'2016-12-01 00:00:00'),(2,'1042',85.050,'2016-12-01 00:00:00'),(2,'10424',54.670,'2016-12-01 00:00:00'),(2,'10425',92.190,'2016-12-01 00:00:00'),(2,'10426',139.890,'2016-12-01 00:00:00'),(2,'10427',139.890,'2016-12-01 00:00:00'),(2,'10431',139.890,'2016-12-01 00:00:00'),(2,'10441',6.460,'2016-12-01 00:00:00'),(2,'10461',40.370,'2016-12-01 00:00:00'),(2,'10480',38.150,'2016-12-01 00:00:00'),(2,'10532',65.100,'2016-12-01 00:00:00'),(2,'10544',75.530,'2016-12-01 00:00:00'),(2,'10574',41.480,'2016-12-01 00:00:00'),(2,'10577',49.730,'2016-12-01 00:00:00'),(2,'10581',10.320,'2016-12-01 00:00:00'),(2,'10582',40.290,'2016-12-01 00:00:00'),(2,'10588',60.600,'2016-12-01 00:00:00'),(2,'1060',106.130,'2016-12-01 00:00:00'),(2,'1064',81.650,'2016-12-01 00:00:00'),(2,'10674',94.900,'2016-12-01 00:00:00'),(2,'10695',91.160,'2016-12-01 00:00:00'),(2,'10698',91.160,'2016-12-01 00:00:00'),(2,'10699',59.520,'2016-12-01 00:00:00'),(2,'10701',91.160,'2016-12-01 00:00:00'),(2,'10712',91.160,'2016-12-01 00:00:00'),(2,'10730',62.890,'2016-12-01 00:00:00'),(2,'10731',19.500,'2016-12-01 00:00:00'),(2,'10734',62.050,'2016-12-01 00:00:00'),(2,'10736',75.530,'2016-12-01 00:00:00'),(2,'10738',40.070,'2016-12-01 00:00:00'),(2,'10747',60.860,'2016-12-01 00:00:00'),(2,'10754',12.520,'2016-12-01 00:00:00'),(2,'10763',28.770,'2016-12-01 00:00:00'),(2,'10769',7.850,'2016-12-01 00:00:00'),(2,'10770',15.040,'2016-12-01 00:00:00'),(2,'10771',25.280,'2016-12-01 00:00:00'),(2,'10773',24.290,'2016-12-01 00:00:00'),(2,'10775',90.290,'2016-12-01 00:00:00'),(2,'10782',5.530,'2016-12-01 00:00:00'),(2,'10783',16.170,'2016-12-01 00:00:00'),(2,'10785',36.740,'2016-12-01 00:00:00'),(2,'10792',52.360,'2016-12-01 00:00:00'),(2,'10804',41.360,'2016-12-01 00:00:00'),(2,'10808',139.890,'2016-12-01 00:00:00'),(2,'10810',139.890,'2016-12-01 00:00:00'),(2,'10820',84.490,'2016-12-01 00:00:00'),(2,'1083',101.880,'2016-12-01 00:00:00'),(2,'10830',91.660,'2016-12-01 00:00:00'),(2,'10848',35.110,'2016-12-01 00:00:00'),(2,'10850',118.580,'2016-12-01 00:00:00'),(2,'10851',35.090,'2016-12-01 00:00:00'),(2,'10859',38.150,'2016-12-01 00:00:00'),(2,'10861',18.670,'2016-12-01 00:00:00'),(2,'10862',5.430,'2016-12-01 00:00:00'),(2,'10863',18.670,'2016-12-01 00:00:00'),(2,'10864',5.430,'2016-12-01 00:00:00'),(2,'10885',37.970,'2016-12-01 00:00:00'),(2,'10886',16.050,'2016-12-01 00:00:00'),(2,'10918',92.190,'2016-12-01 00:00:00'),(2,'10925',83.070,'2016-12-01 00:00:00'),(2,'10930',10.810,'2016-12-01 00:00:00'),(2,'10978',83.070,'2016-12-01 00:00:00'),(2,'10998',8.220,'2016-12-01 00:00:00'),(2,'10999',8.220,'2016-12-01 00:00:00'),(2,'1100',88.500,'2016-12-01 00:00:00'),(2,'11000',8.220,'2016-12-01 00:00:00'),(2,'11001',8.220,'2016-12-01 00:00:00'),(2,'11002',33.910,'2016-12-01 00:00:00'),(2,'11007',15.040,'2016-12-01 00:00:00'),(2,'11009',19.750,'2016-12-01 00:00:00'),(2,'11010',8.070,'2016-12-01 00:00:00'),(2,'11011',94.160,'2016-12-01 00:00:00'),(2,'11012',84.450,'2016-12-01 00:00:00'),(2,'11013',130.530,'2016-12-01 00:00:00'),(2,'11014',5.530,'2016-12-01 00:00:00'),(2,'11015',45.110,'2016-12-01 00:00:00'),(2,'11018',90.290,'2016-12-01 00:00:00'),(2,'11020',117.290,'2016-12-01 00:00:00'),(2,'11023',88.070,'2016-12-01 00:00:00'),(2,'11025',17.290,'2016-12-01 00:00:00'),(2,'11028',8.090,'2016-12-01 00:00:00'),(2,'11031',39.350,'2016-12-01 00:00:00'),(2,'11033',47.070,'2016-12-01 00:00:00'),(2,'11034',47.070,'2016-12-01 00:00:00'),(2,'11037',11.110,'2016-12-01 00:00:00'),(2,'11038',11.110,'2016-12-01 00:00:00'),(2,'11039',11.110,'2016-12-01 00:00:00'),(2,'1104',88.500,'2016-12-01 00:00:00'),(2,'11064',102.440,'2016-12-01 00:00:00'),(2,'11065',102.440,'2016-12-01 00:00:00'),(2,'11068',9.260,'2016-12-01 00:00:00'),(2,'11069',9.260,'2016-12-01 00:00:00'),(2,'11072',12.360,'2016-12-01 00:00:00'),(2,'11074',12.680,'2016-12-01 00:00:00'),(2,'11078',4.300,'2016-12-01 00:00:00'),(2,'11079',6.790,'2016-12-01 00:00:00'),(2,'11080',59.510,'2016-12-01 00:00:00'),(2,'1109',75.530,'2016-12-01 00:00:00'),(2,'11090',63.930,'2016-12-01 00:00:00'),(2,'11116',96.710,'2016-12-01 00:00:00'),(2,'11117',32.640,'2016-12-01 00:00:00'),(2,'11118',96.710,'2016-12-01 00:00:00'),(2,'11119',181.340,'2016-12-01 00:00:00'),(2,'11120',96.710,'2016-12-01 00:00:00'),(2,'11121',32.640,'2016-12-01 00:00:00'),(2,'11128',75.530,'2016-12-01 00:00:00'),(2,'1113',96.230,'2016-12-01 00:00:00'),(2,'11140',117.290,'2016-12-01 00:00:00'),(2,'11141',40.370,'2016-12-01 00:00:00'),(2,'11142',53.810,'2016-12-01 00:00:00'),(2,'1115',75.530,'2016-12-01 00:00:00'),(2,'11166',54.920,'2016-12-01 00:00:00'),(2,'11170',54.920,'2016-12-01 00:00:00'),(2,'1118',90.230,'2016-12-01 00:00:00'),(2,'11195',60.600,'2016-12-01 00:00:00'),(2,'11227',6.460,'2016-12-01 00:00:00'),(2,'11241',38.150,'2016-12-01 00:00:00'),(2,'11269',121.940,'2016-12-01 00:00:00'),(2,'11275',66.440,'2016-12-01 00:00:00'),(2,'11283',21.090,'2016-12-01 00:00:00'),(2,'11287',10.810,'2016-12-01 00:00:00'),(2,'11288',10.810,'2016-12-01 00:00:00'),(2,'11289',10.810,'2016-12-01 00:00:00'),(2,'11299',91.160,'2016-12-01 00:00:00'),(2,'1512',16.050,'2016-12-01 00:00:00'),(2,'1513',16.050,'2016-12-01 00:00:00'),(2,'1693',60.600,'2016-12-01 00:00:00'),(2,'1732',17.030,'2016-12-01 00:00:00'),(2,'1748',7.540,'2016-12-01 00:00:00'),(2,'1750',49.730,'2016-12-01 00:00:00'),(2,'1751',49.730,'2016-12-01 00:00:00'),(2,'1752',49.730,'2016-12-01 00:00:00'),(2,'1753',49.730,'2016-12-01 00:00:00'),(2,'1754',49.730,'2016-12-01 00:00:00'),(2,'1761',2.530,'2016-12-01 00:00:00'),(2,'1782',54.120,'2016-12-01 00:00:00'),(2,'1999',60.600,'2016-12-01 00:00:00'),(2,'2001',60.600,'2016-12-01 00:00:00'),(2,'2141',102.370,'2016-12-01 00:00:00'),(2,'2170',63.930,'2016-12-01 00:00:00'),(2,'2190',57.340,'2016-12-01 00:00:00'),(2,'2201',129.030,'2016-12-01 00:00:00'),(2,'2232',93.210,'2016-12-01 00:00:00'),(2,'2301',60.600,'2016-12-01 00:00:00'),(2,'2407',75.530,'2016-12-01 00:00:00'),(2,'2426',63.930,'2016-12-01 00:00:00'),(2,'2505',38.150,'2016-12-01 00:00:00'),(2,'2506',38.150,'2016-12-01 00:00:00'),(2,'2507',21.970,'2016-12-01 00:00:00'),(2,'2528',38.580,'2016-12-01 00:00:00'),(2,'2529',10.180,'2016-12-01 00:00:00'),(2,'2556',7.850,'2016-12-01 00:00:00'),(2,'2580',6.460,'2016-12-01 00:00:00'),(2,'2582',6.460,'2016-12-01 00:00:00'),(2,'2584',10.620,'2016-12-01 00:00:00'),(2,'2586',6.460,'2016-12-01 00:00:00'),(2,'2594',18.850,'2016-12-01 00:00:00'),(2,'2596',18.850,'2016-12-01 00:00:00'),(2,'2624',60.860,'2016-12-01 00:00:00'),(2,'2631',60.860,'2016-12-01 00:00:00'),(2,'2820',49.730,'2016-12-01 00:00:00'),(2,'2965',54.480,'2016-12-01 00:00:00'),(2,'2987',10.010,'2016-12-01 00:00:00'),(2,'2988',10.010,'2016-12-01 00:00:00'),(2,'2989',10.010,'2016-12-01 00:00:00'),(2,'3081',83.070,'2016-12-01 00:00:00'),(2,'3092',83.070,'2016-12-01 00:00:00'),(2,'3096',83.070,'2016-12-01 00:00:00'),(2,'3101',24.000,'2016-12-01 00:00:00'),(2,'3107',24.000,'2016-12-01 00:00:00'),(2,'3113',83.070,'2016-12-01 00:00:00'),(2,'3145',39.860,'2016-12-01 00:00:00'),(2,'3165',10.010,'2016-12-01 00:00:00'),(2,'3176',92.190,'2016-12-01 00:00:00'),(2,'3196',70.920,'2016-12-01 00:00:00'),(2,'3222',17.580,'2016-12-01 00:00:00'),(2,'3269',92.190,'2016-12-01 00:00:00'),(2,'3274',141.240,'2016-12-01 00:00:00'),(2,'3276',141.240,'2016-12-01 00:00:00'),(2,'3304',25.090,'2016-12-01 00:00:00'),(2,'3309',23.220,'2016-12-01 00:00:00'),(2,'3434',74.430,'2016-12-01 00:00:00'),(2,'3435',74.430,'2016-12-01 00:00:00'),(2,'3436',37.450,'2016-12-01 00:00:00'),(2,'3442',37.450,'2016-12-01 00:00:00'),(2,'3450',40.370,'2016-12-01 00:00:00'),(2,'3465',118.580,'2016-12-01 00:00:00'),(2,'3466',118.580,'2016-12-01 00:00:00'),(2,'3483',94.900,'2016-12-01 00:00:00'),(2,'3500',7.320,'2016-12-01 00:00:00'),(2,'3576',129.090,'2016-12-01 00:00:00'),(2,'3612',92.190,'2016-12-01 00:00:00'),(2,'3626',7.140,'2016-12-01 00:00:00'),(2,'3627',6.940,'2016-12-01 00:00:00'),(2,'3744',14.690,'2016-12-01 00:00:00'),(2,'3746',12.660,'2016-12-01 00:00:00'),(2,'3747',5.410,'2016-12-01 00:00:00'),(2,'3750',10.000,'2016-12-01 00:00:00'),(2,'3777',5.820,'2016-12-01 00:00:00'),(2,'3786',6.460,'2016-12-01 00:00:00'),(2,'3789',6.460,'2016-12-01 00:00:00'),(2,'3792',6.460,'2016-12-01 00:00:00'),(2,'3870',5.410,'2016-12-01 00:00:00'),(2,'3871',5.410,'2016-12-01 00:00:00'),(2,'3880',36.400,'2016-12-01 00:00:00'),(2,'397',10.020,'2016-12-01 00:00:00'),(2,'4013',2.880,'2016-12-01 00:00:00'),(2,'4220',159.730,'2016-12-01 00:00:00'),(2,'4266',106.390,'2016-12-01 00:00:00'),(2,'4303',6.250,'2016-12-01 00:00:00'),(2,'4305',6.250,'2016-12-01 00:00:00'),(2,'4369',25.370,'2016-12-01 00:00:00'),(2,'4390',12.000,'2016-12-01 00:00:00'),(2,'4391',12.000,'2016-12-01 00:00:00'),(2,'4392',12.000,'2016-12-01 00:00:00'),(2,'4393',12.000,'2016-12-01 00:00:00'),(2,'4680',63.930,'2016-12-01 00:00:00'),(2,'4681',63.930,'2016-12-01 00:00:00'),(2,'4682',63.930,'2016-12-01 00:00:00'),(2,'4683',63.930,'2016-12-01 00:00:00'),(2,'4700',16.050,'2016-12-01 00:00:00'),(2,'4702',16.050,'2016-12-01 00:00:00'),(2,'4705',16.050,'2016-12-01 00:00:00'),(2,'4706',16.050,'2016-12-01 00:00:00'),(2,'4710',48.110,'2016-12-01 00:00:00'),(2,'4713',74.430,'2016-12-01 00:00:00'),(2,'4848',10.010,'2016-12-01 00:00:00'),(2,'4913',70.920,'2016-12-01 00:00:00'),(2,'4942',32.790,'2016-12-01 00:00:00'),(2,'5111',92.190,'2016-12-01 00:00:00'),(2,'5133',75.530,'2016-12-01 00:00:00'),(2,'5312',7.850,'2016-12-01 00:00:00'),(2,'5342',6.690,'2016-12-01 00:00:00'),(2,'5343',6.690,'2016-12-01 00:00:00'),(2,'5344',6.690,'2016-12-01 00:00:00'),(2,'5345',9.260,'2016-12-01 00:00:00'),(2,'5346',9.260,'2016-12-01 00:00:00'),(2,'5347',9.260,'2016-12-01 00:00:00'),(2,'5348',9.260,'2016-12-01 00:00:00'),(2,'5356',4.470,'2016-12-01 00:00:00'),(2,'5360',4.470,'2016-12-01 00:00:00'),(2,'5669',10.930,'2016-12-01 00:00:00'),(2,'5670',30.870,'2016-12-01 00:00:00'),(2,'5697',10.970,'2016-12-01 00:00:00'),(2,'5856',66.450,'2016-12-01 00:00:00'),(2,'5857',66.450,'2016-12-01 00:00:00'),(2,'5871',42.410,'2016-12-01 00:00:00'),(2,'5873',42.410,'2016-12-01 00:00:00'),(2,'6013',96.230,'2016-12-01 00:00:00'),(2,'6020',57.720,'2016-12-01 00:00:00'),(2,'6023',25.370,'2016-12-01 00:00:00'),(2,'6024',25.370,'2016-12-01 00:00:00'),(2,'6072',141.240,'2016-12-01 00:00:00'),(2,'6074',141.240,'2016-12-01 00:00:00'),(2,'6140',10.000,'2016-12-01 00:00:00'),(2,'6141',90.290,'2016-12-01 00:00:00'),(2,'6167',68.170,'2016-12-01 00:00:00'),(2,'6171',60.860,'2016-12-01 00:00:00'),(2,'6178',60.600,'2016-12-01 00:00:00'),(2,'6179',14.160,'2016-12-01 00:00:00'),(2,'6183',60.600,'2016-12-01 00:00:00'),(2,'6196',5.530,'2016-12-01 00:00:00'),(2,'6364',40.370,'2016-12-01 00:00:00'),(2,'6365',40.370,'2016-12-01 00:00:00'),(2,'6366',40.370,'2016-12-01 00:00:00'),(2,'6408',85.640,'2016-12-01 00:00:00'),(2,'6596',10.010,'2016-12-01 00:00:00'),(2,'6611',30.810,'2016-12-01 00:00:00'),(2,'6626',6.460,'2016-12-01 00:00:00'),(2,'6627',6.460,'2016-12-01 00:00:00'),(2,'6672',16.170,'2016-12-01 00:00:00'),(2,'6673',16.170,'2016-12-01 00:00:00'),(2,'6691',10.880,'2016-12-01 00:00:00'),(2,'6692',27.680,'2016-12-01 00:00:00'),(2,'6768',9.940,'2016-12-01 00:00:00'),(2,'6770',9.940,'2016-12-01 00:00:00'),(2,'6803',17.820,'2016-12-01 00:00:00'),(2,'6805',16.120,'2016-12-01 00:00:00'),(2,'6808',18.770,'2016-12-01 00:00:00'),(2,'6900',54.670,'2016-12-01 00:00:00'),(2,'6901',54.670,'2016-12-01 00:00:00'),(2,'6906',54.670,'2016-12-01 00:00:00'),(2,'6907',54.670,'2016-12-01 00:00:00'),(2,'6934',54.670,'2016-12-01 00:00:00'),(2,'6973',12.660,'2016-12-01 00:00:00'),(2,'7048',6.040,'2016-12-01 00:00:00'),(2,'7049',15.770,'2016-12-01 00:00:00'),(2,'7137',14.690,'2016-12-01 00:00:00'),(2,'7142',14.690,'2016-12-01 00:00:00'),(2,'7167',12.660,'2016-12-01 00:00:00'),(2,'7168',12.660,'2016-12-01 00:00:00'),(2,'7174',12.660,'2016-12-01 00:00:00'),(2,'7198',17.030,'2016-12-01 00:00:00'),(2,'7201',10.270,'2016-12-01 00:00:00'),(2,'7202',10.270,'2016-12-01 00:00:00'),(2,'7203',10.270,'2016-12-01 00:00:00'),(2,'7205',10.270,'2016-12-01 00:00:00'),(2,'7208',21.950,'2016-12-01 00:00:00'),(2,'7227',125.040,'2016-12-01 00:00:00'),(2,'7250',4.410,'2016-12-01 00:00:00'),(2,'7251',12.400,'2016-12-01 00:00:00'),(2,'7324',63.930,'2016-12-01 00:00:00'),(2,'7351',66.440,'2016-12-01 00:00:00'),(2,'7390',38.580,'2016-12-01 00:00:00'),(2,'7463',7.520,'2016-12-01 00:00:00'),(2,'7464',7.520,'2016-12-01 00:00:00'),(2,'7466',13.460,'2016-12-01 00:00:00'),(2,'7467',13.460,'2016-12-01 00:00:00'),(2,'7468',24.080,'2016-12-01 00:00:00'),(2,'7469',288.070,'2016-12-01 00:00:00'),(2,'7568',9.270,'2016-12-01 00:00:00'),(2,'7754',5.410,'2016-12-01 00:00:00'),(2,'7893',48.800,'2016-12-01 00:00:00'),(2,'7895',288.070,'2016-12-01 00:00:00'),(2,'8494',288.070,'2016-12-01 00:00:00'),(2,'8649',58.490,'2016-12-01 00:00:00'),(2,'8721',7.290,'2016-12-01 00:00:00'),(2,'8722',16.590,'2016-12-01 00:00:00'),(2,'8794',24.590,'2016-12-01 00:00:00'),(2,'8821',10.960,'2016-12-01 00:00:00'),(2,'8887',31.590,'2016-12-01 00:00:00'),(2,'9302',9.940,'2016-12-01 00:00:00'),(2,'9304',9.940,'2016-12-01 00:00:00'),(2,'9305',9.940,'2016-12-01 00:00:00'),(2,'9312',9.940,'2016-12-01 00:00:00'),(2,'9327',9.930,'2016-12-01 00:00:00'),(2,'9341',10.980,'2016-12-01 00:00:00'),(2,'9360',9.090,'2016-12-01 00:00:00'),(2,'9361',9.090,'2016-12-01 00:00:00'),(2,'9394',9.230,'2016-12-01 00:00:00'),(2,'9399',22.410,'2016-12-01 00:00:00'),(2,'9416',13.060,'2016-12-01 00:00:00'),(2,'9419',7.540,'2016-12-01 00:00:00'),(2,'9461',9.650,'2016-12-01 00:00:00'),(2,'9462',26.040,'2016-12-01 00:00:00'),(2,'9463',11.300,'2016-12-01 00:00:00'),(2,'9464',30.120,'2016-12-01 00:00:00'),(2,'9472',0.720,'2016-12-01 00:00:00'),(2,'9509',27.420,'2016-12-01 00:00:00'),(2,'9537',10.010,'2016-12-01 00:00:00'),(2,'9540',6.460,'2016-12-01 00:00:00'),(2,'9551',5.530,'2016-12-01 00:00:00'),(2,'9600',18.370,'2016-12-01 00:00:00'),(2,'9626',10.020,'2016-12-01 00:00:00'),(2,'9627',23.870,'2016-12-01 00:00:00'),(2,'9660',12.680,'2016-12-01 00:00:00'),(2,'9880',75.530,'2016-12-01 00:00:00'),(2,'9916',17.520,'2016-12-01 00:00:00'),(2,'9917',17.520,'2016-12-01 00:00:00'),(2,'9919',10.000,'2016-12-01 00:00:00'),(2,'9949',8.570,'2016-12-01 00:00:00'),(2,'9963',6.250,'2016-12-01 00:00:00'),(2,'9964',6.260,'2016-12-01 00:00:00'),(2,'9978',8.640,'2016-12-01 00:00:00'),(2,'9991',18.370,'2016-12-01 00:00:00'),(2,'9992',9.150,'2016-12-01 00:00:00'),(2,'9994',10.680,'2016-12-01 00:00:00'),(2,'9995',28.230,'2016-12-01 00:00:00'),(2,'9996',11.110,'2016-12-01 00:00:00');
/*!40000 ALTER TABLE `LISTLINE` ENABLE KEYS */;
UNLOCK TABLES;

--
-- Table structure for table `MAIL`
--

DROP TABLE IF EXISTS `MAIL`;
/*!40101 SET @saved_cs_client     = @@character_set_client */;
/*!40101 SET character_set_client = utf8 */;
CREATE TABLE `MAIL` (
  `ENTITYID` int(11) NOT NULL,
  `MAIL` varchar(100) CHARACTER SET utf8 NOT NULL DEFAULT '',
  `ENTITYTIPE` enum('0','1','2') NOT NULL DEFAULT '0',
  PRIMARY KEY (`ENTITYID`,`MAIL`,`ENTITYTIPE`),
  CONSTRAINT `MAIL_CUSTOMER` FOREIGN KEY (`ENTITYID`) REFERENCES `CUSTOMER` (`CUSTID`)
) ENGINE=InnoDB DEFAULT CHARSET=utf8mb4;
/*!40101 SET character_set_client = @saved_cs_client */;

--
-- Dumping data for table `MAIL`
--

LOCK TABLES `MAIL` WRITE;
/*!40000 ALTER TABLE `MAIL` DISABLE KEYS */;
/*!40000 ALTER TABLE `MAIL` ENABLE KEYS */;
UNLOCK TABLES;

--
-- Table structure for table `PHONE`
--

DROP TABLE IF EXISTS `PHONE`;
/*!40101 SET @saved_cs_client     = @@character_set_client */;
/*!40101 SET character_set_client = utf8 */;
CREATE TABLE `PHONE` (
  `ENTITYID` int(11) NOT NULL,
  `PHONE` varchar(100) CHARACTER SET utf8 NOT NULL,
  `ENTITYTIPE` enum('0','1','2') NOT NULL DEFAULT '0',
  PRIMARY KEY (`ENTITYTIPE`,`PHONE`,`ENTITYID`),
  KEY `PHONE_CUSTOMER` (`ENTITYID`),
  CONSTRAINT `PHONE_CUSTOMER` FOREIGN KEY (`ENTITYID`) REFERENCES `CUSTOMER` (`CUSTID`)
) ENGINE=InnoDB DEFAULT CHARSET=utf8mb4;
/*!40101 SET character_set_client = @saved_cs_client */;

--
-- Dumping data for table `PHONE`
--

LOCK TABLES `PHONE` WRITE;
/*!40000 ALTER TABLE `PHONE` DISABLE KEYS */;
/*!40000 ALTER TABLE `PHONE` ENABLE KEYS */;
UNLOCK TABLES;

--
-- Table structure for table `USER`
--

DROP TABLE IF EXISTS `USER`;
/*!40101 SET @saved_cs_client     = @@character_set_client */;
/*!40101 SET character_set_client = utf8 */;
CREATE TABLE `USER` (
  `USERID` varchar(10) CHARACTER SET utf8 NOT NULL,
  `PASSWORD` varchar(20) CHARACTER SET utf8 NOT NULL,
  PRIMARY KEY (`USERID`)
) ENGINE=InnoDB DEFAULT CHARSET=utf8mb4;
/*!40101 SET character_set_client = @saved_cs_client */;

--
-- Dumping data for table `USER`
--

LOCK TABLES `USER` WRITE;
/*!40000 ALTER TABLE `USER` DISABLE KEYS */;
/*!40000 ALTER TABLE `USER` ENABLE KEYS */;
UNLOCK TABLES;

--
-- Final view structure for view `CUSTINVOICEDETAILS`
--

/*!50001 DROP TABLE IF EXISTS `CUSTINVOICEDETAILS`*/;
/*!50001 DROP VIEW IF EXISTS `CUSTINVOICEDETAILS`*/;
/*!50001 SET @saved_cs_client          = @@character_set_client */;
/*!50001 SET @saved_cs_results         = @@character_set_results */;
/*!50001 SET @saved_col_connection     = @@collation_connection */;
/*!50001 SET character_set_client      = utf8 */;
/*!50001 SET character_set_results     = utf8 */;
/*!50001 SET collation_connection      = utf8_general_ci */;
/*!50001 CREATE ALGORITHM=UNDEFINED */
/*!50013 DEFINER=`remote`@`186.18.41.194` SQL SECURITY DEFINER */
/*!50001 VIEW `CUSTINVOICEDETAILS` AS select `H`.`INVOICEID` AS `INVOICEID`,`L`.`LINENUM` AS `LINENUM`,`T`.`LISTNAME` AS `LISTNAME`,`C`.`CUSTID` AS `CUSTID`,`C`.`CUSTNAME` AS `CUSTNAME`,`L`.`ITEMID` AS `ITEMID`,`I`.`ITEMNAME` AS `ITEMNAME`,`L`.`QTY` AS `QTY`,`L`.`PRICE` AS `PRICE`,(`L`.`QTY` * `L`.`PRICE`) AS `TOTAL` from ((((`CUSTINVOICEHEADER` `H` left join `CUSTINVOICELINE` `L` on((`H`.`INVOICEID` = `L`.`INVOICEID`))) join `CUSTOMER` `C` on((`H`.`CUSTID` = `C`.`CUSTID`))) left join `ITEM` `I` on((`L`.`ITEMID` = `I`.`ITEMID`))) join `LISTHEADER` `T` on((`H`.`DEFAULTLISTID` = `T`.`LISTID`))) order by `H`.`INVOICEID` */;
/*!50001 SET character_set_client      = @saved_cs_client */;
/*!50001 SET character_set_results     = @saved_cs_results */;
/*!50001 SET collation_connection      = @saved_col_connection */;
/*!40103 SET TIME_ZONE=@OLD_TIME_ZONE */;

/*!40101 SET SQL_MODE=@OLD_SQL_MODE */;
/*!40014 SET FOREIGN_KEY_CHECKS=@OLD_FOREIGN_KEY_CHECKS */;
/*!40014 SET UNIQUE_CHECKS=@OLD_UNIQUE_CHECKS */;
/*!40101 SET CHARACTER_SET_CLIENT=@OLD_CHARACTER_SET_CLIENT */;
/*!40101 SET CHARACTER_SET_RESULTS=@OLD_CHARACTER_SET_RESULTS */;
/*!40101 SET COLLATION_CONNECTION=@OLD_COLLATION_CONNECTION */;
/*!40111 SET SQL_NOTES=@OLD_SQL_NOTES */;

-- Dump completed on 2017-01-14 22:20:13
